Data;Czas;Kierunek;Przewoznik;Rejs;Status;;Lotnisko wylotowe
2025-04-03;12:00;WARSZAWA;PLL LOT;LO3810;0;;"RZE"
2025-04-03;13:00;MONACHIUM;LUFTHANSA;LH1605;0;;"RZE"
2025-04-03;15:00;WARSZAWA;PLL LOT;LO3802;0;;"RZE"
2025-04-03;16:45;WARSZAWA;PLL LOT;LO3808;0;;"RZE"
2025-04-03;20:15;LONDYN (Luton);RYANAIR;FR3473;0;;"RZE"
2025-04-04;05:45;WARSZAWA;PLL LOT;LO3804;0;;"RZE"
2025-04-04;06:00;MONACHIUM;LUFTHANSA;LH1607;0;;"RZE"
2025-04-04;08:50;WARSZAWA;PLL LOT;LO3806;0;;"RZE"
2025-04-04;09:30;ALICANTE;RYANAIR;FR4163;0;;"RZE"
2025-04-04;12:00;WARSZAWA;PLL LOT;LO3810;0;;"RZE"
2025-04-04;12:05;MEDIOLAN;RYANAIR;FR1102;0;;"RZE"
2025-04-04;13:05;MONACHIUM;LUFTHANSA;LH1605;0;;"RZE"
2025-04-04;13:20;BRISTOL;RYANAIR;FR8225;0;;"RZE"
2025-04-04;15:00;WARSZAWA;PLL LOT;LO3802;0;;"RZE"
2025-04-04;16:45;WARSZAWA;PLL LOT;LO3808;0;;"RZE"
2025-04-04;19:25;LONDYN (Stansted);RYANAIR;FR2135;0;;"RZE"
2025-04-04;19:25;RZYM;WIZZ AIR;W46068;0;;"RZE"
2025-04-04;22:50;SHARM EL SHEIKH;SKYUP;U57553;0;;"RZE"
2025-04-05;05:45;WARSZAWA;PLL LOT;LO3804;0;;"RZE"
2025-04-05;06:00;MONACHIUM;LUFTHANSA;LH1607;0;;"RZE"
2025-04-05;08:50;WARSZAWA;PLL LOT;LO3806;0;;"RZE"
2025-04-05;09:00;MALTA;RYANAIR;FR3864;0;;"RZE"
2025-04-05;10:20;DUBLIN;RYANAIR;FR863;0;;"RZE"
2025-04-05;12:00;WARSZAWA;PLL LOT;LO3810;0;;"RZE"
2025-04-05;13:05;MONACHIUM;LUFTHANSA;LH1605;0;;"RZE"
2025-04-05;15:00;WARSZAWA;PLL LOT;LO3802;0;;"RZE"
2025-04-05;21:35;LONDYN (Stansted);RYANAIR;FR2135;0;;"RZE"
2025-04-05;22:40;ZADAR;RYANAIR;FR9399;0;;"RZE"
2025-04-05;22:50;HURGHADA;SKYUP;U58655;0;;"RZE"
2025-04-06;06:00;MONACHIUM;LUFTHANSA;LH1607;0;;"RZE"
2025-04-06;08:05;MEDIOLAN;RYANAIR;FR1102;0;;"RZE"
2025-04-06;08:50;WARSZAWA;PLL LOT;LO3806;0;;"RZE"
2025-04-06;10:40;LONDYN (Stansted);RYANAIR;FR2135;0;;"RZE"
2025-04-06;12:00;WARSZAWA;PLL LOT;LO3810;0;;"RZE"
2025-04-06;13:00;MONACHIUM;LUFTHANSA;LH1605;0;;"RZE"
2025-04-06;13:40;MEDIOLAN;WIZZ AIR;W46354;0;;"RZE"
2025-04-06;15:00;WARSZAWA;PLL LOT;LO3802;0;;"RZE"
2025-04-06;16:45;WARSZAWA;PLL LOT;LO3808;0;;"RZE"
2025-04-06;19:35;MANCHESTER;RYANAIR;FR3203;0;;"RZE"
2025-04-06;19:45;DUBLIN;RYANAIR;FR863;0;;"RZE"
2025-04-06;20:55;MARSA ALAM INTL;ENTER AIR;ENT4757;0;;"RZE"
2025-04-06;21:40;LONDYN (Luton);RYANAIR;FR3473;0;;"RZE"
2025-04-06;23:00;SHARM EL SHEIKH;SKYUP;U57551;0;;"RZE"
2025-04-07;05:45;WARSZAWA;PLL LOT;LO3804;0;;"RZE"
2025-04-07;06:10;MONACHIUM;LUFTHANSA;LH1607;0;;"RZE"
2025-04-07;08:50;WARSZAWA;PLL LOT;LO3806;0;;"RZE"
2025-04-07;10:00;BRISTOL;RYANAIR;FR8225;0;;"RZE"
2025-04-07;12:00;WARSZAWA;PLL LOT;LO3810;0;;"RZE"
2025-04-07;13:05;MONACHIUM;LUFTHANSA;LH1605;0;;"RZE"
2025-04-07;13:35;NOWY JORK (Newark);PLL LOT;LO17;0;;"RZE"
2025-04-07;13:55;LONDYN (Stansted);RYANAIR;FR2135;0;;"RZE"
2025-04-07;15:00;WARSZAWA;PLL LOT;LO3802;0;;"RZE"
2025-04-07;16:45;ALICANTE;RYANAIR;FR4163;0;;"RZE"
2025-04-07;16:45;WARSZAWA;PLL LOT;LO3808;0;;"RZE"
2025-04-07;21:15;RZYM;WIZZ AIR;W46068;0;;"RZE"
2025-04-08;05:45;WARSZAWA;PLL LOT;LO3804;0;;"RZE"
2025-04-08;06:00;MONACHIUM;LUFTHANSA;LH1607;0;;"RZE"
2025-04-08;08:50;WARSZAWA;PLL LOT;LO3806;0;;"RZE"
2025-04-08;12:00;WARSZAWA;PLL LOT;LO3810;0;;"RZE"
2025-04-08;12:20;LONDYN (Stansted);RYANAIR;FR212;0;;"RZE"
2025-04-08;13:00;MONACHIUM;LUFTHANSA;LH1605;0;;"RZE"
2025-04-08;15:00;WARSZAWA;PLL LOT;LO3802;0;;"RZE"
2025-04-08;16:25;LONDYN (Stansted);RYANAIR;FR2135;0;;"RZE"
2025-04-08;16:45;WARSZAWA;PLL LOT;LO3808;0;;"RZE"
2025-04-08;18:35;LONDYN (Luton);RYANAIR;FR3473;0;;"RZE"
2025-04-08;21:25;MANCHESTER;RYANAIR;FR3203;0;;"RZE"
2025-04-08;23:00;SHARM EL SHEIKH;SKYUP;U57551;0;;"RZE"
2025-04-09;05:45;WARSZAWA;PLL LOT;LO3804;0;;"RZE"
2025-04-09;06:00;MONACHIUM;LUFTHANSA;LH1607;0;;"RZE"
2025-04-09;08:50;WARSZAWA;PLL LOT;LO3806;0;;"RZE"
2025-04-09;10:50;DUBLIN;RYANAIR;FR863;0;;"RZE"
2025-04-09;12:00;WARSZAWA;PLL LOT;LO3810;0;;"RZE"
2025-04-09;13:00;MONACHIUM;LUFTHANSA;LH1605;0;;"RZE"
2025-04-09;15:00;WARSZAWA;PLL LOT;LO3802;0;;"RZE"
2025-04-09;16:45;WARSZAWA;PLL LOT;LO3808;0;;"RZE"
2025-04-09;16:50;MANCHESTER;RYANAIR;FR3203;0;;"RZE"
2025-04-09;17:00;MEDIOLAN;WIZZ AIR;W46354;0;;"RZE"
2025-04-09;18:20;ZADAR;RYANAIR;FR9399;0;;"RZE"
2025-04-09;21:15;MALTA;RYANAIR;FR3864;0;;"RZE"
2025-04-09;21:45;LONDYN (Stansted);RYANAIR;FR2135;0;;"RZE"
2025-04-09;22:30;BRISTOL;RYANAIR;FR8225;0;;"RZE"
2025-04-09;22:50;HURGHADA;SKYUP;U58655;0;;"RZE"
2025-04-10;05:45;WARSZAWA;PLL LOT;LO3804;0;;"RZE"
2025-04-10;06:00;MONACHIUM;LUFTHANSA;LH1607;0;;"RZE"
2025-04-10;08:50;WARSZAWA;PLL LOT;LO3806;0;;"RZE"
2025-04-10;09:15;MEDIOLAN;RYANAIR;FR1102;0;;"RZE"
2025-04-10;10:55;LONDYN (Stansted);RYANAIR;FR2135;0;;"RZE"
2025-04-10;12:00;WARSZAWA;PLL LOT;LO3810;0;;"RZE"
2025-04-10;13:05;MONACHIUM;LUFTHANSA;LH1605;0;;"RZE"
2025-04-10;15:00;WARSZAWA;PLL LOT;LO3802;0;;"RZE"
2025-04-10;16:45;WARSZAWA;PLL LOT;LO3808;0;;"RZE"
2025-04-10;20:15;LONDYN (Luton);RYANAIR;FR3473;0;;"RZE"
2025-04-10;23:00;SHARM EL SHEIKH;SKYUP;U57551;0;;"RZE"
2025-04-11;05:45;WARSZAWA;PLL LOT;LO3804;0;;"RZE"
2025-04-11;06:00;MONACHIUM;LUFTHANSA;LH1607;0;;"RZE"
2025-04-11;08:50;WARSZAWA;PLL LOT;LO3806;0;;"RZE"
2025-04-11;09:30;ALICANTE;RYANAIR;FR4163;0;;"RZE"
2025-04-11;12:00;WARSZAWA;PLL LOT;LO3810;0;;"RZE"
2025-04-11;12:05;MEDIOLAN;RYANAIR;FR1102;0;;"RZE"
2025-04-11;13:05;MONACHIUM;LUFTHANSA;LH1605;0;;"RZE"
2025-04-11;13:20;BRISTOL;RYANAIR;FR8225;0;;"RZE"
2025-04-11;15:00;WARSZAWA;PLL LOT;LO3802;0;;"RZE"
2025-04-11;16:45;WARSZAWA;PLL LOT;LO3808;0;;"RZE"
2025-04-11;19:25;LONDYN (Stansted);RYANAIR;FR2135;0;;"RZE"
2025-04-11;19:25;RZYM;WIZZ AIR;W46068;0;;"RZE"
2025-04-11;23:05;SHARM EL SHEIKH;SKYUP;U57553;0;;"RZE"
2025-04-12;05:45;WARSZAWA;PLL LOT;LO3804;0;;"RZE"
2025-04-12;06:00;MONACHIUM;LUFTHANSA;LH1607;0;;"RZE"
2025-04-12;08:50;WARSZAWA;PLL LOT;LO3806;0;;"RZE"
2025-04-12;09:00;MALTA;RYANAIR;FR3864;0;;"RZE"
2025-04-12;10:20;DUBLIN;RYANAIR;FR863;0;;"RZE"
2025-04-12;12:00;WARSZAWA;PLL LOT;LO3810;0;;"RZE"
2025-04-12;13:00;MONACHIUM;LUFTHANSA;LH1605;0;;"RZE"
2025-04-12;15:00;WARSZAWA;PLL LOT;LO3802;0;;"RZE"
2025-04-12;21:35;LONDYN (Stansted);RYANAIR;FR2135;0;;"RZE"
2025-04-12;22:40;ZADAR;RYANAIR;FR9399;0;;"RZE"
2025-04-13;06:00;MONACHIUM;LUFTHANSA;LH1607;0;;"RZE"
2025-04-13;08:05;MEDIOLAN;RYANAIR;FR1102;0;;"RZE"
2025-04-13;08:50;WARSZAWA;PLL LOT;LO3806;0;;"RZE"
2025-04-13;10:40;LONDYN (Stansted);RYANAIR;FR2135;0;;"RZE"
2025-04-13;12:00;WARSZAWA;PLL LOT;LO3810;0;;"RZE"
2025-04-13;13:05;MONACHIUM;LUFTHANSA;LH1605;0;;"RZE"
2025-04-13;13:40;MEDIOLAN;WIZZ AIR;W46354;0;;"RZE"
2025-04-13;15:00;WARSZAWA;PLL LOT;LO3802;0;;"RZE"
2025-04-13;16:45;WARSZAWA;PLL LOT;LO3808;0;;"RZE"
2025-04-13;19:35;MANCHESTER;RYANAIR;FR3203;0;;"RZE"
2025-04-13;19:45;DUBLIN;RYANAIR;FR863;0;;"RZE"
2025-04-13;20:45;MARSA ALAM INTL;ENTER AIR;ENT4757;0;;"RZE"
2025-04-13;21:40;LONDYN (Luton);RYANAIR;FR3473;0;;"RZE"
2025-04-13;23:05;HURGHADA;SKYUP;U58655;0;;"RZE"
2025-04-14;05:45;WARSZAWA;PLL LOT;LO3804;0;;"RZE"
2025-04-14;06:10;MONACHIUM;LUFTHANSA;LH1607;0;;"RZE"
2025-04-14;08:50;WARSZAWA;PLL LOT;LO3806;0;;"RZE"
2025-04-14;10:00;BRISTOL;RYANAIR;FR8225;0;;"RZE"
2025-04-14;11:30;ANTALIA;MGA;4M882;0;;"RZE"
2025-04-14;12:00;WARSZAWA;PLL LOT;LO3810;0;;"RZE"
2025-04-14;13:05;MONACHIUM;LUFTHANSA;LH1605;0;;"RZE"
2025-04-14;13:35;NOWY JORK (Newark);PLL LOT;LO17;0;;"RZE"
2025-04-14;13:55;LONDYN (Stansted);RYANAIR;FR2135;0;;"RZE"
2025-04-14;15:00;WARSZAWA;PLL LOT;LO3802;0;;"RZE"
2025-04-14;16:45;ALICANTE;RYANAIR;FR4163;0;;"RZE"
2025-04-14;16:45;WARSZAWA;PLL LOT;LO3808;0;;"RZE"
2025-04-14;21:15;RZYM;WIZZ AIR;W46068;0;;"RZE"
2025-04-14;23:05;SHARM EL SHEIKH;SKYUP;U57551;0;;"RZE"
2025-04-15;05:45;WARSZAWA;PLL LOT;LO3804;0;;"RZE"
2025-04-15;06:00;MONACHIUM;LUFTHANSA;LH1607;0;;"RZE"
2025-04-15;08:50;WARSZAWA;PLL LOT;LO3806;0;;"RZE"
2025-04-15;12:00;WARSZAWA;PLL LOT;LO3810;0;;"RZE"
2025-04-15;12:20;LONDYN (Stansted);RYANAIR;FR212;0;;"RZE"
2025-04-15;13:05;MONACHIUM;LUFTHANSA;LH1605;0;;"RZE"
2025-04-15;15:00;WARSZAWA;PLL LOT;LO3802;0;;"RZE"
2025-04-15;16:25;LONDYN (Stansted);RYANAIR;FR2135;0;;"RZE"
2025-04-15;16:45;WARSZAWA;PLL LOT;LO3808;0;;"RZE"
2025-04-15;18:35;LONDYN (Luton);RYANAIR;FR3473;0;;"RZE"
2025-04-15;21:25;MANCHESTER;RYANAIR;FR3203;0;;"RZE"
2025-04-16;05:45;WARSZAWA;PLL LOT;LO3804;0;;"RZE"
2025-04-16;06:00;MONACHIUM;LUFTHANSA;LH1607;0;;"RZE"
2025-04-16;08:50;WARSZAWA;PLL LOT;LO3806;0;;"RZE"
2025-04-16;09:15;MEDIOLAN;RYANAIR;FR1102;0;;"RZE"
2025-04-16;10:50;DUBLIN;RYANAIR;FR863;0;;"RZE"
2025-04-16;12:00;WARSZAWA;PLL LOT;LO3810;0;;"RZE"
2025-04-16;13:00;MONACHIUM;LUFTHANSA;LH1605;0;;"RZE"
2025-04-16;14:30;ANTALIA;MGA;4M882;0;;"RZE"
2025-04-16;15:00;WARSZAWA;PLL LOT;LO3802;0;;"RZE"
2025-04-16;16:45;WARSZAWA;PLL LOT;LO3808;0;;"RZE"
2025-04-16;16:50;MANCHESTER;RYANAIR;FR3203;0;;"RZE"
2025-04-16;17:00;MEDIOLAN;WIZZ AIR;W46354;0;;"RZE"
2025-04-16;18:20;ZADAR;RYANAIR;FR9399;0;;"RZE"
2025-04-16;21:15;MALTA;RYANAIR;FR3864;0;;"RZE"
2025-04-16;21:45;LONDYN (Stansted);RYANAIR;FR2135;0;;"RZE"
2025-04-16;22:30;BRISTOL;RYANAIR;FR8225;0;;"RZE"
2025-04-16;23:05;SHARM EL SHEIKH;SKYUP;U57551;0;;"RZE"
2025-04-17;05:45;WARSZAWA;PLL LOT;LO3804;0;;"RZE"
2025-04-17;06:00;MONACHIUM;LUFTHANSA;LH1607;0;;"RZE"
2025-04-17;08:50;WARSZAWA;PLL LOT;LO3806;0;;"RZE"
2025-04-17;09:15;MEDIOLAN;RYANAIR;FR1102;0;;"RZE"
2025-04-17;09:30;ALICANTE;RYANAIR;FR4163;0;;"RZE"
2025-04-17;10:55;LONDYN (Stansted);RYANAIR;FR2135;0;;"RZE"
2025-04-17;12:00;WARSZAWA;PLL LOT;LO3810;0;;"RZE"
2025-04-17;13:05;MONACHIUM;LUFTHANSA;LH1605;0;;"RZE"
2025-04-17;13:20;BRISTOL;RYANAIR;FR8225;0;;"RZE"
2025-04-17;14:30;ANTALIA;MGA;4M882;0;;"RZE"
2025-04-17;15:00;WARSZAWA;PLL LOT;LO3802;0;;"RZE"
2025-04-17;16:45;WARSZAWA;PLL LOT;LO3808;0;;"RZE"
2025-04-17;20:15;LONDYN (Luton);RYANAIR;FR3473;0;;"RZE"
2025-04-17;22:50;HURGHADA;SKYUP;U58655;0;;"RZE"
2025-04-18;05:45;WARSZAWA;PLL LOT;LO3804;0;;"RZE"
2025-04-18;06:00;MONACHIUM;LUFTHANSA;LH1607;0;;"RZE"
2025-04-18;09:00;MALTA;RYANAIR;FR3864;0;;"RZE"
2025-04-18;09:30;ALICANTE;RYANAIR;FR4163;0;;"RZE"
2025-04-18;10:20;DUBLIN;RYANAIR;FR863;0;;"RZE"
2025-04-18;12:00;WARSZAWA;PLL LOT;LO3810;0;;"RZE"
2025-04-18;12:05;MEDIOLAN;RYANAIR;FR1102;0;;"RZE"
2025-04-18;13:05;MONACHIUM;LUFTHANSA;LH1605;0;;"RZE"
2025-04-18;13:20;BRISTOL;RYANAIR;FR8225;0;;"RZE"
2025-04-18;15:00;WARSZAWA;PLL LOT;LO3802;0;;"RZE"
2025-04-18;16:45;WARSZAWA;PLL LOT;LO3808;0;;"RZE"
2025-04-18;19:25;LONDYN (Stansted);RYANAIR;FR2135;0;;"RZE"
2025-04-18;19:25;RZYM;WIZZ AIR;W46068;0;;"RZE"
2025-04-18;23:05;SHARM EL SHEIKH;SKYUP;U57551;0;;"RZE"
2025-04-18;23:05;SHARM EL SHEIKH;SKYUP;U57553;0;;"RZE"
2025-04-19;05:45;WARSZAWA;PLL LOT;LO3804;0;;"RZE"
2025-04-19;06:00;MONACHIUM;LUFTHANSA;LH1607;0;;"RZE"
2025-04-19;08:05;MEDIOLAN;RYANAIR;FR1102;0;;"RZE"
2025-04-19;08:50;WARSZAWA;PLL LOT;LO3806;0;;"RZE"
2025-04-19;09:00;MALTA;RYANAIR;FR3864;0;;"RZE"
2025-04-19;10:20;DUBLIN;RYANAIR;FR863;0;;"RZE"
2025-04-19;12:00;WARSZAWA;PLL LOT;LO3810;0;;"RZE"
2025-04-19;13:00;MONACHIUM;LUFTHANSA;LH1605;0;;"RZE"
2025-04-19;13:40;MEDIOLAN;WIZZ AIR;W46354;0;;"RZE"
2025-04-19;15:00;WARSZAWA;PLL LOT;LO3802;0;;"RZE"
2025-04-19;16:45;WARSZAWA;PLL LOT;LO3808;0;;"RZE"
2025-04-19;21:35;LONDYN (Stansted);RYANAIR;FR2135;0;;"RZE"
2025-04-19;22:40;ZADAR;RYANAIR;FR9399;0;;"RZE"
2025-04-20;06:00;MONACHIUM;LUFTHANSA;LH1607;0;;"RZE"
2025-04-20;08:05;MEDIOLAN;RYANAIR;FR1102;0;;"RZE"
2025-04-20;08:50;WARSZAWA;PLL LOT;LO3806;0;;"RZE"
2025-04-20;10:00;BRISTOL;RYANAIR;FR8225;0;;"RZE"
2025-04-20;10:40;LONDYN (Stansted);RYANAIR;FR2135;0;;"RZE"
2025-04-20;11:30;ANTALIA;MGA;4M882;0;;"RZE"
2025-04-20;12:00;WARSZAWA;PLL LOT;LO3810;0;;"RZE"
2025-04-20;13:00;MONACHIUM;LUFTHANSA;LH1605;0;;"RZE"
2025-04-20;13:35;NOWY JORK (Newark);PLL LOT;LO17;0;;"RZE"
2025-04-20;13:40;MEDIOLAN;WIZZ AIR;W46354;0;;"RZE"
2025-04-20;15:00;WARSZAWA;PLL LOT;LO3802;0;;"RZE"
2025-04-20;16:45;WARSZAWA;PLL LOT;LO3808;0;;"RZE"
2025-04-20;16:45;ALICANTE;RYANAIR;FR4163;0;;"RZE"
2025-04-20;19:35;MANCHESTER;RYANAIR;FR3203;0;;"RZE"
2025-04-20;19:45;DUBLIN;RYANAIR;FR863;0;;"RZE"
2025-04-20;20:45;MARSA ALAM INTL;ENTER AIR;ENT4757;0;;"RZE"
2025-04-20;21:40;LONDYN (Luton);RYANAIR;FR3473;0;;"RZE"
2025-04-21;05:45;WARSZAWA;PLL LOT;LO3804;0;;"RZE"
2025-04-21;06:00;MONACHIUM;LUFTHANSA;LH1607;0;;"RZE"
2025-04-21;08:50;WARSZAWA;PLL LOT;LO3806;0;;"RZE"
2025-04-21;10:00;BRISTOL;RYANAIR;FR8225;0;;"RZE"
2025-04-21;11:30;ANTALIA;MGA;4M882;0;;"RZE"
2025-04-21;12:00;WARSZAWA;PLL LOT;LO3810;0;;"RZE"
2025-04-21;12:20;LONDYN (Stansted);RYANAIR;FR212;0;;"RZE"
2025-04-21;13:00;MONACHIUM;LUFTHANSA;LH1605;0;;"RZE"
2025-04-21;13:35;NOWY JORK (Newark);PLL LOT;LO17;0;;"RZE"
2025-04-21;13:55;LONDYN (Stansted);RYANAIR;FR2135;0;;"RZE"
2025-04-21;15:00;WARSZAWA;PLL LOT;LO3802;0;;"RZE"
2025-04-21;16:45;ALICANTE;RYANAIR;FR4163;0;;"RZE"
2025-04-21;16:45;WARSZAWA;PLL LOT;LO3808;0;;"RZE"
2025-04-21;21:15;RZYM;WIZZ AIR;W46068;0;;"RZE"
2025-04-22;05:45;WARSZAWA;PLL LOT;LO3804;0;;"RZE"
2025-04-22;06:00;MONACHIUM;LUFTHANSA;LH1607;0;;"RZE"
2025-04-22;08:50;WARSZAWA;PLL LOT;LO3806;0;;"RZE"
2025-04-22;10:50;DUBLIN;RYANAIR;FR863;0;;"RZE"
2025-04-22;12:00;WARSZAWA;PLL LOT;LO3810;0;;"RZE"
2025-04-22;12:20;LONDYN (Stansted);RYANAIR;FR212;0;;"RZE"
2025-04-22;13:05;MONACHIUM;LUFTHANSA;LH1605;0;;"RZE"
2025-04-22;15:00;WARSZAWA;PLL LOT;LO3802;0;;"RZE"
2025-04-22;16:25;LONDYN (Stansted);RYANAIR;FR2135;0;;"RZE"
2025-04-22;16:45;WARSZAWA;PLL LOT;LO3808;0;;"RZE"
2025-04-22;17:00;MEDIOLAN;WIZZ AIR;W46354;0;;"RZE"
2025-04-22;18:35;LONDYN (Luton);RYANAIR;FR3473;0;;"RZE"
2025-04-22;21:25;MANCHESTER;RYANAIR;FR3203;0;;"RZE"
2025-04-22;23:00;HURGHADA;SKYUP;U58655;0;;"RZE"
2025-04-22;23:05;SHARM EL SHEIKH;SKYUP;U57551;0;;"RZE"
2025-04-23;05:00;NOWY JORK;EASTERN AIRLINES;EAL3501;0;;"RZE"
2025-04-23;05:45;WARSZAWA;PLL LOT;LO3804;0;;"RZE"
2025-04-23;06:00;MONACHIUM;LUFTHANSA;LH1607;0;;"RZE"
2025-04-23;08:50;WARSZAWA;PLL LOT;LO3806;0;;"RZE"
2025-04-23;09:15;MEDIOLAN;RYANAIR;FR1102;0;;"RZE"
2025-04-23;10:50;DUBLIN;RYANAIR;FR863;0;;"RZE"
2025-04-23;12:00;WARSZAWA;PLL LOT;LO3810;0;;"RZE"
2025-04-23;13:00;MONACHIUM;LUFTHANSA;LH1605;0;;"RZE"
2025-04-23;14:30;ANTALIA;MGA;4M882;0;;"RZE"
2025-04-23;15:00;WARSZAWA;PLL LOT;LO3802;0;;"RZE"
2025-04-23;16:45;WARSZAWA;PLL LOT;LO3808;0;;"RZE"
2025-04-23;16:50;MANCHESTER;RYANAIR;FR3203;0;;"RZE"
2025-04-23;17:00;MEDIOLAN;WIZZ AIR;W46354;0;;"RZE"
2025-04-23;18:20;ZADAR;RYANAIR;FR9399;0;;"RZE"
2025-04-23;20:15;KRAKÃ“W;LUXAVIATION;MBBTC;0;;"RZE"
2025-04-23;20:50;ANTALIA;ENTER AIR;ENT7033;0;;"RZE"
2025-04-23;21:15;MALTA;RYANAIR;FR3864;0;;"RZE"
2025-04-23;21:45;LONDYN (Stansted);RYANAIR;FR2135;0;;"RZE"
2025-04-23;22:30;BRISTOL;RYANAIR;FR8225;0;;"RZE"
2025-04-24;05:00;NOWY JORK;EASTERN AIRLINES;EAL3501;0;;"RZE"
2025-04-24;05:45;WARSZAWA;PLL LOT;LO3804;0;;"RZE"
2025-04-24;06:00;MONACHIUM;LUFTHANSA;LH1607;0;;"RZE"
2025-04-24;08:50;WARSZAWA;PLL LOT;LO3806;0;;"RZE"
2025-04-24;09:10;RODOS;BUZZ;RR3061;0;;"RZE"
2025-04-24;09:15;MEDIOLAN;RYANAIR;FR1102;0;;"RZE"
2025-04-24;09:30;ALICANTE;RYANAIR;FR4163;0;;"RZE"
2025-04-24;10:55;LONDYN (Stansted);RYANAIR;FR2135;0;;"RZE"
2025-04-24;12:00;WARSZAWA;PLL LOT;LO3810;0;;"RZE"
2025-04-24;13:05;MONACHIUM;LUFTHANSA;LH1605;0;;"RZE"
2025-04-24;13:20;BRISTOL;RYANAIR;FR8225;0;;"RZE"
2025-04-24;14:30;ANTALIA;MGA;4M882;0;;"RZE"
2025-04-24;15:00;WARSZAWA;PLL LOT;LO3802;0;;"RZE"
2025-04-24;15:50;AL-MASSIRA;ENTER AIR;ENT1365;0;;"RZE"
2025-04-24;16:45;WARSZAWA;PLL LOT;LO3808;0;;"RZE"
2025-04-24;20:15;LONDYN (Luton);RYANAIR;FR3473;0;;"RZE"
2025-04-24;23:05;SHARM EL SHEIKH;SKYUP;U57551;0;;"RZE"
2025-04-25;05:45;WARSZAWA;PLL LOT;LO3804;0;;"RZE"
2025-04-25;06:00;MONACHIUM;LUFTHANSA;LH1607;0;;"RZE"
2025-04-25;08:50;WARSZAWA;PLL LOT;LO3806;0;;"RZE"
2025-04-25;09:10;RODOS;BUZZ;RR3061;0;;"RZE"
2025-04-25;09:30;ALICANTE;RYANAIR;FR4163;0;;"RZE"
2025-04-25;12:00;WARSZAWA;PLL LOT;LO3810;0;;"RZE"
2025-04-25;12:05;MEDIOLAN;RYANAIR;FR1102;0;;"RZE"
2025-04-25;13:05;MONACHIUM;LUFTHANSA;LH1605;0;;"RZE"
2025-04-25;13:20;BRISTOL;RYANAIR;FR8225;0;;"RZE"
2025-04-25;15:00;WARSZAWA;PLL LOT;LO3802;0;;"RZE"
2025-04-25;15:50;AL-MASSIRA;ENTER AIR;ENT1365;0;;"RZE"
2025-04-25;16:45;WARSZAWA;PLL LOT;LO3808;0;;"RZE"
2025-04-25;19:25;LONDYN (Stansted);RYANAIR;FR2135;0;;"RZE"
2025-04-25;19:25;RZYM;WIZZ AIR;W46068;0;;"RZE"
2025-04-25;22:50;HURGHADA;SKYUP;U58655;0;;"RZE"
2025-04-25;23:05;SHARM EL SHEIKH;SKYUP;U57553;0;;"RZE"
2025-04-26;05:45;WARSZAWA;PLL LOT;LO3804;0;;"RZE"
2025-04-26;06:10;MONACHIUM;LUFTHANSA;LH1607;0;;"RZE"
2025-04-26;08:00;MARSA ALAM INTL;SKYUP;U57837;0;;"RZE"
2025-04-26;08:05;MEDIOLAN;RYANAIR;FR1102;0;;"RZE"
2025-04-26;08:50;WARSZAWA;PLL LOT;LO3806;0;;"RZE"
2025-04-26;09:00;MALTA;RYANAIR;FR3864;0;;"RZE"
2025-04-26;10:20;DUBLIN;RYANAIR;FR863;0;;"RZE"
2025-04-26;11:05;ANTALIA;MGA;4M4611;0;;"RZE"
2025-04-26;12:00;WARSZAWA;PLL LOT;LO3810;0;;"RZE"
2025-04-26;13:00;MONACHIUM;LUFTHANSA;LH1605;0;;"RZE"
2025-04-26;13:40;MEDIOLAN;WIZZ AIR;W46354;0;;"RZE"
2025-04-26;15:00;WARSZAWA;PLL LOT;LO3802;0;;"RZE"
2025-04-26;16:45;WARSZAWA;PLL LOT;LO3808;0;;"RZE"
2025-04-26;17:00;ANTALIA;PEGASUS AIRLINES;PC6284;0;;"RZE"
2025-04-26;17:05;ANTALIA;BUZZ;RR7191;0;;"RZE"
2025-04-26;17:10;HERAKLION;BUZZ;RR3133;0;;"RZE"
2025-04-26;21:35;LONDYN (Stansted);RYANAIR;FR2135;0;;"RZE"
2025-04-26;22:40;ZADAR;RYANAIR;FR9399;0;;"RZE"
2025-04-26;23:05;SHARM EL SHEIKH;SKYUP;U57551;0;;"RZE"
2025-04-27;05:45;WARSZAWA;PLL LOT;LO3804;0;;"RZE"
2025-04-27;06:00;MONACHIUM;LUFTHANSA;LH1607;0;;"RZE"
2025-04-27;08:05;MEDIOLAN;RYANAIR;FR1102;0;;"RZE"
2025-04-27;08:50;WARSZAWA;PLL LOT;LO3806;0;;"RZE"
2025-04-27;09:30;RZYM;WIZZ AIR;W46068;0;;"RZE"
2025-04-27;10:00;BRISTOL;RYANAIR;FR8225;0;;"RZE"
2025-04-27;10:40;LONDYN (Stansted);RYANAIR;FR2135;0;;"RZE"
2025-04-27;11:05;ANTALIA;MGA;4M4611;0;;"RZE"
2025-04-27;11:05;ANTALIA;MGA;4M4612;0;;"RZE"
2025-04-27;11:30;ANTALIA;MGA;4M882;0;;"RZE"
2025-04-27;12:00;WARSZAWA;PLL LOT;LO3810;0;;"RZE"
2025-04-27;13:00;MONACHIUM;LUFTHANSA;LH1605;0;;"RZE"
2025-04-27;13:35;NOWY JORK (Newark);PLL LOT;LO17;0;;"RZE"
2025-04-27;13:40;MEDIOLAN;WIZZ AIR;W46354;0;;"RZE"
2025-04-27;15:10;WARSZAWA;PLL LOT;LO3802;0;;"RZE"
2025-04-27;16:45;WARSZAWA;PLL LOT;LO3808;0;;"RZE"
2025-04-27;16:45;ALICANTE;RYANAIR;FR4163;0;;"RZE"
2025-04-27;17:10;HERAKLION;BUZZ;RR3133;0;;"RZE"
2025-04-27;19:35;MANCHESTER;RYANAIR;FR3203;0;;"RZE"
2025-04-27;19:45;DUBLIN;RYANAIR;FR863;0;;"RZE"
2025-04-27;21:40;LONDYN (Luton);RYANAIR;FR3473;0;;"RZE"
2025-04-28;05:45;WARSZAWA;PLL LOT;LO3804;0;;"RZE"
2025-04-28;06:00;MONACHIUM;LUFTHANSA;LH1607;0;;"RZE"
2025-04-28;08:50;WARSZAWA;PLL LOT;LO3806;0;;"RZE"
2025-04-28;09:30;RZYM;WIZZ AIR;W46068;0;;"RZE"
2025-04-28;10:00;BRISTOL;RYANAIR;FR8225;0;;"RZE"
2025-04-28;10:55;ANTALIA;MGA;4M4611;0;;"RZE"
2025-04-28;11:30;ANTALIA;MGA;4M882;0;;"RZE"
2025-04-28;12:00;WARSZAWA;PLL LOT;LO3810;0;;"RZE"
2025-04-28;12:20;LONDYN (Stansted);RYANAIR;FR212;0;;"RZE"
2025-04-28;13:05;MONACHIUM;LUFTHANSA;LH1605;0;;"RZE"
2025-04-28;13:35;NOWY JORK (Newark);PLL LOT;LO17;0;;"RZE"
2025-04-28;13:55;LONDYN (Stansted);RYANAIR;FR2135;0;;"RZE"
2025-04-28;15:00;WARSZAWA;PLL LOT;LO3802;0;;"RZE"
2025-04-28;16:45;ALICANTE;RYANAIR;FR4163;0;;"RZE"
2025-04-28;16:45;WARSZAWA;PLL LOT;LO3808;0;;"RZE"
2025-04-29;05:45;WARSZAWA;PLL LOT;LO3804;0;;"RZE"
2025-04-29;06:00;MONACHIUM;LUFTHANSA;LH1607;0;;"RZE"
2025-04-29;08:50;WARSZAWA;PLL LOT;LO3806;0;;"RZE"
2025-04-29;10:50;DUBLIN;RYANAIR;FR863;0;;"RZE"
2025-04-29;10:55;ANTALIA;MGA;4M4611;0;;"RZE"
2025-04-29;11:05;ANTALIA;MGA;4M4612;0;;"RZE"
2025-04-29;12:00;WARSZAWA;PLL LOT;LO3810;0;;"RZE"
2025-04-29;12:20;LONDYN (Stansted);RYANAIR;FR212;0;;"RZE"
2025-04-29;13:00;MONACHIUM;LUFTHANSA;LH1605;0;;"RZE"
2025-04-29;15:00;WARSZAWA;PLL LOT;LO3802;0;;"RZE"
2025-04-29;16:45;WARSZAWA;PLL LOT;LO3808;0;;"RZE"
2025-04-29;17:00;MEDIOLAN;WIZZ AIR;W46354;0;;"RZE"
2025-04-29;18:00;MARSA ALAM INTL;ENTER AIR;ENT4865;0;;"RZE"
2025-04-29;18:25;LONDYN (Stansted);RYANAIR;FR2135;0;;"RZE"
2025-04-29;18:35;LONDYN (Luton);RYANAIR;FR3473;0;;"RZE"
2025-04-29;21:25;MANCHESTER;RYANAIR;FR3203;0;;"RZE"
2025-04-30;05:50;WARSZAWA;PLL LOT;LO3804;0;;"RZE"
2025-04-30;06:00;MONACHIUM;LUFTHANSA;LH1607;0;;"RZE"
2025-04-30;08:50;WARSZAWA;PLL LOT;LO3806;0;;"RZE"
2025-04-30;09:15;MEDIOLAN;RYANAIR;FR1102;0;;"RZE"
2025-04-30;10:50;DUBLIN;RYANAIR;FR863;0;;"RZE"
2025-04-30;12:00;WARSZAWA;PLL LOT;LO3810;0;;"RZE"
2025-04-30;13:00;MONACHIUM;LUFTHANSA;LH1605;0;;"RZE"
2025-04-30;14:30;ANTALIA;MGA;4M882;0;;"RZE"
2025-04-30;15:00;WARSZAWA;PLL LOT;LO3802;0;;"RZE"
2025-04-30;16:45;WARSZAWA;PLL LOT;LO3808;0;;"RZE"
2025-04-30;16:50;MANCHESTER;RYANAIR;FR3203;0;;"RZE"
2025-04-30;17:00;MEDIOLAN;WIZZ AIR;W46354;0;;"RZE"
2025-04-30;18:20;ZADAR;RYANAIR;FR9399;0;;"RZE"
2025-04-30;19:00;ANTALIA;PEGASUS AIRLINES;PC6284;0;;"RZE"
2025-04-30;20:50;ANTALIA;ENTER AIR;ENT7033;0;;"RZE"
2025-04-30;21:15;MALTA;RYANAIR;FR3864;0;;"RZE"
2025-04-30;21:50;LONDYN (Stansted);RYANAIR;FR2135;0;;"RZE"
2025-04-30;22:30;BRISTOL;RYANAIR;FR8225;0;;"RZE"
2025-04-30;23:00;HURGHADA;SKYUP;U58655;0;;"RZE"
2025-04-30;23:05;SHARM EL SHEIKH;SKYUP;U57551;0;;"RZE"
2025-05-01;05:45;WARSZAWA;PLL LOT;LO3804;0;;"RZE"
2025-05-01;06:00;MONACHIUM;LUFTHANSA;LH1607;0;;"RZE"
2025-05-01;08:50;WARSZAWA;PLL LOT;LO3806;0;;"RZE"
2025-05-01;09:15;MEDIOLAN;RYANAIR;FR1102;0;;"RZE"
2025-05-01;09:30;ALICANTE;RYANAIR;FR4163;0;;"RZE"
2025-05-01;10:05;RODOS;BUZZ;RR3061;0;;"RZE"
2025-05-01;10:55;LONDYN (Stansted);RYANAIR;FR2135;0;;"RZE"
2025-05-01;12:00;WARSZAWA;PLL LOT;LO3810;0;;"RZE"
2025-05-01;13:00;MONACHIUM;LUFTHANSA;LH1605;0;;"RZE"
2025-05-01;13:20;BRISTOL;RYANAIR;FR8225;0;;"RZE"
2025-05-01;14:30;ANTALIA;MGA;4M882;0;;"RZE"
2025-05-01;15:00;WARSZAWA;PLL LOT;LO3802;0;;"RZE"
2025-05-01;15:50;AL-MASSIRA;ENTER AIR;ENT1365;0;;"RZE"
2025-05-01;16:20;ZADAR;RYANAIR;FR9399;0;;"RZE"
2025-05-01;16:45;WARSZAWA;PLL LOT;LO3808;0;;"RZE"
2025-05-01;18:10;ANTALIA;MGA;4M4612;0;;"RZE"
2025-05-01;20:15;LONDYN (Luton);RYANAIR;FR3473;0;;"RZE"
2025-05-02;05:45;WARSZAWA;PLL LOT;LO3804;0;;"RZE"
2025-05-02;06:00;MONACHIUM;LUFTHANSA;LH1607;0;;"RZE"
2025-05-02;08:50;WARSZAWA;PLL LOT;LO3806;0;;"RZE"
2025-05-02;09:00;MALTA;RYANAIR;FR3864;0;;"RZE"
2025-05-02;09:30;ALICANTE;RYANAIR;FR4163;0;;"RZE"
2025-05-02;10:05;RODOS;BUZZ;RR3061;0;;"RZE"
2025-05-02;10:20;DUBLIN;RYANAIR;FR863;0;;"RZE"
2025-05-02;12:00;WARSZAWA;PLL LOT;LO3810;0;;"RZE"
2025-05-02;12:05;MEDIOLAN;RYANAIR;FR1102;0;;"RZE"
2025-05-02;13:05;MONACHIUM;LUFTHANSA;LH1605;0;;"RZE"
2025-05-02;13:20;BRISTOL;RYANAIR;FR8225;0;;"RZE"
2025-05-02;15:00;WARSZAWA;PLL LOT;LO3802;0;;"RZE"
2025-05-02;15:50;AL-MASSIRA;ENTER AIR;ENT1365;0;;"RZE"
2025-05-02;16:45;WARSZAWA;PLL LOT;LO3808;0;;"RZE"
2025-05-02;17:00;ANTALIA;PEGASUS AIRLINES;PC6284;0;;"RZE"
2025-05-02;17:05;ANTALIA;BUZZ;RR7191;0;;"RZE"
2025-05-02;19:25;LONDYN (Stansted);RYANAIR;FR2135;0;;"RZE"
2025-05-02;19:25;RZYM;WIZZ AIR;W46068;0;;"RZE"
2025-05-02;23:05;SHARM EL SHEIKH;SKYUP;U57551;0;;"RZE"
2025-05-02;23:05;SHARM EL SHEIKH;SKYUP;U57553;0;;"RZE"
2025-05-03;05:45;WARSZAWA;PLL LOT;LO3804;0;;"RZE"
2025-05-03;06:00;MONACHIUM;LUFTHANSA;LH1607;0;;"RZE"
2025-05-03;08:50;WARSZAWA;PLL LOT;LO3806;0;;"RZE"
2025-05-03;09:00;MALTA;RYANAIR;FR3864;0;;"RZE"
2025-05-03;10:20;DUBLIN;RYANAIR;FR863;0;;"RZE"
2025-05-03;10:45;FARO;HIFLY;HFM361;0;;"RZE"
2025-05-03;12:00;WARSZAWA;PLL LOT;LO3810;0;;"RZE"
2025-05-03;13:05;MONACHIUM;LUFTHANSA;LH1605;0;;"RZE"
2025-05-03;15:00;WARSZAWA;PLL LOT;LO3802;0;;"RZE"
2025-05-03;17:00;ANTALIA;PEGASUS AIRLINES;PC6284;0;;"RZE"
2025-05-03;17:05;ANTALIA;BUZZ;RR7191;0;;"RZE"
2025-05-03;21:35;LONDYN (Stansted);RYANAIR;FR2135;0;;"RZE"
2025-05-03;21:50;ZADAR;RYANAIR;FR9399;0;;"RZE"
2025-05-03;23:00;HURGHADA;SKYUP;U58655;0;;"RZE"
2025-05-04;05:45;WARSZAWA;PLL LOT;LO3804;0;;"RZE"
2025-05-04;06:00;MONACHIUM;LUFTHANSA;LH1607;0;;"RZE"
2025-05-04;08:00;MARSA ALAM INTL;SKYUP;U57837;0;;"RZE"
2025-05-04;08:05;MEDIOLAN;RYANAIR;FR1102;0;;"RZE"
2025-05-04;08:50;WARSZAWA;PLL LOT;LO3806;0;;"RZE"
2025-05-04;09:30;RZYM;WIZZ AIR;W46068;0;;"RZE"
2025-05-04;10:00;BRISTOL;RYANAIR;FR8225;0;;"RZE"
2025-05-04;11:30;ANTALIA;MGA;4M882;0;;"RZE"
2025-05-04;12:00;WARSZAWA;PLL LOT;LO3810;0;;"RZE"
2025-05-04;12:15;MEDIOLAN;WIZZ AIR;W46354;0;;"RZE"
2025-05-04;13:05;MONACHIUM;LUFTHANSA;LH1605;0;;"RZE"
2025-05-04;13:35;NOWY JORK (Newark);PLL LOT;LO17;0;;"RZE"
2025-05-04;13:55;LONDYN (Stansted);RYANAIR;FR2135;0;;"RZE"
2025-05-04;15:00;WARSZAWA;PLL LOT;LO3802;0;;"RZE"
2025-05-04;16:45;WARSZAWA;PLL LOT;LO3808;0;;"RZE"
2025-05-04;16:45;ALICANTE;RYANAIR;FR4163;0;;"RZE"
2025-05-04;17:10;HERAKLION;BUZZ;RR3133;0;;"RZE"
2025-05-04;18:10;ANTALIA;MGA;4M4612;0;;"RZE"
2025-05-04;19:35;MANCHESTER;RYANAIR;FR3203;0;;"RZE"
2025-05-04;21:40;LONDYN (Luton);RYANAIR;FR3473;0;;"RZE"
2025-05-04;23:05;SHARM EL SHEIKH;SKYUP;U57551;0;;"RZE"
2025-05-05;05:45;WARSZAWA;PLL LOT;LO3804;0;;"RZE"
2025-05-05;06:00;MONACHIUM;LUFTHANSA;LH1607;0;;"RZE"
2025-05-05;08:10;ZADAR;RYANAIR;FR9399;0;;"RZE"
2025-05-05;08:50;WARSZAWA;PLL LOT;LO3806;0;;"RZE"
2025-05-05;09:30;RZYM;WIZZ AIR;W46068;0;;"RZE"
2025-05-05;10:00;BRISTOL;RYANAIR;FR8225;0;;"RZE"
2025-05-05;11:05;ANTALIA;MGA;4M4611;0;;"RZE"
2025-05-05;11:05;ANTALIA;MGA;4M4612;0;;"RZE"
2025-05-05;11:30;ANTALIA;MGA;4M882;0;;"RZE"
2025-05-05;12:00;WARSZAWA;PLL LOT;LO3810;0;;"RZE"
2025-05-05;12:20;LONDYN (Stansted);RYANAIR;FR212;0;;"RZE"
2025-05-05;13:05;MARSA ALAM INTL;ENTER AIR;ENT4865;0;;"RZE"
2025-05-05;13:05;MONACHIUM;LUFTHANSA;LH1605;0;;"RZE"
2025-05-05;13:35;NOWY JORK (Newark);PLL LOT;LO17;0;;"RZE"
2025-05-05;13:55;LONDYN (Stansted);RYANAIR;FR2135;0;;"RZE"
2025-05-05;15:00;WARSZAWA;PLL LOT;LO3802;0;;"RZE"
2025-05-05;16:45;ALICANTE;RYANAIR;FR4163;0;;"RZE"
2025-05-05;16:45;WARSZAWA;PLL LOT;LO3808;0;;"RZE"
2025-05-06;05:45;WARSZAWA;PLL LOT;LO3804;0;;"RZE"
2025-05-06;06:00;MONACHIUM;LUFTHANSA;LH1607;0;;"RZE"
2025-05-06;08:10;ZADAR;RYANAIR;FR9399;0;;"RZE"
2025-05-06;08:50;WARSZAWA;PLL LOT;LO3806;0;;"RZE"
2025-05-06;11:05;ANTALIA;MGA;4M4612;0;;"RZE"
2025-05-06;11:50;DUBLIN;RYANAIR;FR863;0;;"RZE"
2025-05-06;12:00;WARSZAWA;PLL LOT;LO3810;0;;"RZE"
2025-05-06;12:20;LONDYN (Stansted);RYANAIR;FR212;0;;"RZE"
2025-05-06;13:05;MARSA ALAM INTL;ENTER AIR;ENT4865;0;;"RZE"
2025-05-06;13:05;MONACHIUM;LUFTHANSA;LH1605;0;;"RZE"
2025-05-06;15:00;WARSZAWA;PLL LOT;LO3802;0;;"RZE"
2025-05-06;16:45;WARSZAWA;PLL LOT;LO3808;0;;"RZE"
2025-05-06;17:00;MEDIOLAN;WIZZ AIR;W46354;0;;"RZE"
2025-05-06;18:35;LONDYN (Stansted);RYANAIR;FR3473;0;;"RZE"
2025-05-06;21:25;MANCHESTER;RYANAIR;FR3203;0;;"RZE"
2025-05-07;05:45;WARSZAWA;PLL LOT;LO3804;0;;"RZE"
2025-05-07;06:00;MONACHIUM;LUFTHANSA;LH1607;0;;"RZE"
2025-05-07;08:50;WARSZAWA;PLL LOT;LO3806;0;;"RZE"
2025-05-07;09:15;MEDIOLAN;RYANAIR;FR1102;0;;"RZE"
2025-05-07;11:50;DUBLIN;RYANAIR;FR863;0;;"RZE"
2025-05-07;12:00;WARSZAWA;PLL LOT;LO3810;0;;"RZE"
2025-05-07;13:00;MONACHIUM;LUFTHANSA;LH1605;0;;"RZE"
2025-05-07;14:30;ANTALIA;MGA;4M882;0;;"RZE"
2025-05-07;15:00;WARSZAWA;PLL LOT;LO3802;0;;"RZE"
2025-05-07;16:20;ZADAR;RYANAIR;FR9399;0;;"RZE"
2025-05-07;16:45;WARSZAWA;PLL LOT;LO3808;0;;"RZE"
2025-05-07;16:50;MANCHESTER;RYANAIR;FR3203;0;;"RZE"
2025-05-07;17:00;MEDIOLAN;WIZZ AIR;W46354;0;;"RZE"
2025-05-07;19:00;ANTALIA;PEGASUS AIRLINES;PC6284;0;;"RZE"
2025-05-07;20:50;ANTALIA;ENTER AIR;ENT7033;0;;"RZE"
2025-05-07;21:15;MALTA;RYANAIR;FR3864;0;;"RZE"
2025-05-07;21:45;LONDYN (Stansted);RYANAIR;FR2135;0;;"RZE"
2025-05-07;22:30;BRISTOL;RYANAIR;FR8225;0;;"RZE"
2025-05-08;05:45;WARSZAWA;PLL LOT;LO3804;0;;"RZE"
2025-05-08;06:00;MONACHIUM;LUFTHANSA;LH1607;0;;"RZE"
2025-05-08;08:50;WARSZAWA;PLL LOT;LO3806;0;;"RZE"
2025-05-08;09:15;MEDIOLAN;RYANAIR;FR1102;0;;"RZE"
2025-05-08;09:30;ALICANTE;RYANAIR;FR4163;0;;"RZE"
2025-05-08;10:05;RODOS;BUZZ;RR3061;0;;"RZE"
2025-05-08;10:55;LONDYN (Stansted);RYANAIR;FR2135;0;;"RZE"
2025-05-08;12:00;WARSZAWA;PLL LOT;LO3810;0;;"RZE"
2025-05-08;13:05;MONACHIUM;LUFTHANSA;LH1605;0;;"RZE"
2025-05-08;13:20;BRISTOL;RYANAIR;FR8225;0;;"RZE"
2025-05-08;14:30;ANTALIA;MGA;4M882;0;;"RZE"
2025-05-08;15:00;WARSZAWA;PLL LOT;LO3802;0;;"RZE"
2025-05-08;15:50;AGADIR AL-MASSIRA;ENTER AIR;ENT1365;0;;"RZE"
2025-05-08;16:20;ZADAR;RYANAIR;FR9399;0;;"RZE"
2025-05-08;16:45;WARSZAWA;PLL LOT;LO3808;0;;"RZE"
2025-05-08;18:10;ANTALIA;MGA;4M4612;0;;"RZE"
2025-05-08;20:15;LONDYN (Luton);RYANAIR;FR3473;0;;"RZE"
2025-05-08;23:00;HURGHADA;SKYUP;U58655;0;;"RZE"
2025-05-08;23:05;SHARM EL SHEIKH;SKYUP;U57551;0;;"RZE"
2025-05-09;05:45;WARSZAWA;PLL LOT;LO3804;0;;"RZE"
2025-05-09;06:00;MONACHIUM;LUFTHANSA;LH1607;0;;"RZE"
2025-05-09;08:50;WARSZAWA;PLL LOT;LO3806;0;;"RZE"
2025-05-09;09:00;MALTA;RYANAIR;FR3864;0;;"RZE"
2025-05-09;09:30;ALICANTE;RYANAIR;FR4163;0;;"RZE"
2025-05-09;10:05;RODOS;BUZZ;RR3061;0;;"RZE"
2025-05-09;10:20;DUBLIN;RYANAIR;FR863;0;;"RZE"
2025-05-09;12:00;WARSZAWA;PLL LOT;LO3810;0;;"RZE"
2025-05-09;12:05;MEDIOLAN;RYANAIR;FR1102;0;;"RZE"
2025-05-09;13:05;MONACHIUM;LUFTHANSA;LH1605;0;;"RZE"
2025-05-09;13:20;BRISTOL;RYANAIR;FR8225;0;;"RZE"
2025-05-09;15:00;WARSZAWA;PLL LOT;LO3802;0;;"RZE"
2025-05-09;15:50;AGADIR AL-MASSIRA;ENTER AIR;ENT1365;0;;"RZE"
2025-05-09;16:45;WARSZAWA;PLL LOT;LO3808;0;;"RZE"
2025-05-09;17:00;ANTALIA;PEGASUS AIRLINES;PC6284;0;;"RZE"
2025-05-09;17:05;ANTALIA;BUZZ;RR7191;0;;"RZE"
2025-05-09;19:25;LONDYN (Stansted);RYANAIR;FR2135;0;;"RZE"
2025-05-09;19:25;RZYM;WIZZ AIR;W46068;0;;"RZE"
2025-05-09;23:05;SHARM EL SHEIKH;SKYUP;U57554;0;;"RZE"
2025-05-09;23:05;SHARM EL SHEIKH;SKYUP;SEU7553;0;;"RZE"
2025-05-10;05:45;WARSZAWA;PLL LOT;LO3804;0;;"RZE"
2025-05-10;06:00;MONACHIUM;LUFTHANSA;LH1607;0;;"RZE"
2025-05-10;08:05;MEDIOLAN;RYANAIR;FR1102;0;;"RZE"
2025-05-10;08:50;WARSZAWA;PLL LOT;LO3806;0;;"RZE"
2025-05-10;09:00;MALTA;RYANAIR;FR3864;0;;"RZE"
2025-05-10;10:20;DUBLIN;RYANAIR;FR863;0;;"RZE"
2025-05-10;12:00;WARSZAWA;PLL LOT;LO3810;0;;"RZE"
2025-05-10;12:15;MEDIOLAN;WIZZ AIR;W46354;0;;"RZE"
2025-05-10;13:00;MONACHIUM;LUFTHANSA;LH1605;0;;"RZE"
2025-05-10;15:00;WARSZAWA;PLL LOT;LO3802;0;;"RZE"
2025-05-10;16:45;WARSZAWA;PLL LOT;LO3808;0;;"RZE"
2025-05-10;17:00;ANTALIA;PEGASUS AIRLINES;PC6284;0;;"RZE"
2025-05-10;17:05;ANTALIA;BUZZ;RR7191;0;;"RZE"
2025-05-10;17:10;HERAKLION;BUZZ;RR3133;0;;"RZE"
2025-05-10;21:35;LONDYN (Stansted);RYANAIR;FR2135;0;;"RZE"
2025-05-10;21:50;ZADAR;RYANAIR;FR9399;0;;"RZE"
2025-05-10;23:05;SHARM EL SHEIKH;SKYUP;U57551;0;;"RZE"
2025-05-11;05:45;WARSZAWA;PLL LOT;LO3804;0;;"RZE"
2025-05-11;06:00;MONACHIUM;LUFTHANSA;LH1607;0;;"RZE"
2025-05-11;08:00;MARSA ALAM INTL;SKYUP;U57837;0;;"RZE"
2025-05-11;08:05;MEDIOLAN;RYANAIR;FR1102;0;;"RZE"
2025-05-11;08:50;WARSZAWA;PLL LOT;LO3806;0;;"RZE"
2025-05-11;09:30;RZYM;WIZZ AIR;W46068;0;;"RZE"
2025-05-11;10:00;BRISTOL;RYANAIR;FR8225;0;;"RZE"
2025-05-11;11:30;ANTALIA;MGA;4M882;0;;"RZE"
2025-05-11;12:00;WARSZAWA;PLL LOT;LO3810;0;;"RZE"
2025-05-11;12:15;MEDIOLAN;WIZZ AIR;W46354;0;;"RZE"
2025-05-11;13:00;MONACHIUM;LUFTHANSA;LH1605;0;;"RZE"
2025-05-11;13:35;NOWY JORK (Newark);PLL LOT;LO17;0;;"RZE"
2025-05-11;13:55;LONDYN (Stansted);RYANAIR;FR2135;0;;"RZE"
2025-05-11;15:00;WARSZAWA;PLL LOT;LO3802;0;;"RZE"
2025-05-11;16:45;WARSZAWA;PLL LOT;LO3808;0;;"RZE"
2025-05-11;16:45;ALICANTE;RYANAIR;FR4163;0;;"RZE"
2025-05-11;17:10;HERAKLION;BUZZ;RR3133;0;;"RZE"
2025-05-11;18:10;ANTALIA;MGA;4M4611;0;;"RZE"
2025-05-11;18:10;ANTALIA;MGA;4M4612;0;;"RZE"
2025-05-11;19:35;MANCHESTER;RYANAIR;FR3203;0;;"RZE"
2025-05-11;21:40;LONDYN (Luton);RYANAIR;FR3473;0;;"RZE"
2025-05-11;22:00;HURGHADA;SKYUP;U58655;0;;"RZE"
2025-05-12;05:45;WARSZAWA;PLL LOT;LO3804;0;;"RZE"
2025-05-12;06:00;MONACHIUM;LUFTHANSA;LH1607;0;;"RZE"
2025-05-12;08:00;MARSA ALAM INTL;SKYUP;U57837;0;;"RZE"
2025-05-12;08:10;ZADAR;RYANAIR;FR9399;0;;"RZE"
2025-05-12;08:50;WARSZAWA;PLL LOT;LO3806;0;;"RZE"
2025-05-12;09:30;RZYM;WIZZ AIR;W46068;0;;"RZE"
2025-05-12;10:00;BRISTOL;RYANAIR;FR8225;0;;"RZE"
2025-05-12;11:05;ANTALIA;MGA;4M4612;0;;"RZE"
2025-05-12;11:30;ANTALIA;MGA;4M882;0;;"RZE"
2025-05-12;12:00;WARSZAWA;PLL LOT;LO3810;0;;"RZE"
2025-05-12;12:20;LONDYN (Stansted);RYANAIR;FR212;0;;"RZE"
2025-05-12;13:05;MONACHIUM;LUFTHANSA;LH1605;0;;"RZE"
2025-05-12;13:05;MARSA ALAM INTL;ENTER AIR;ENT4865;0;;"RZE"
2025-05-12;13:35;NOWY JORK (Newark);PLL LOT;LO17;0;;"RZE"
2025-05-12;13:55;LONDYN (Stansted);RYANAIR;FR2135;0;;"RZE"
2025-05-12;15:00;WARSZAWA;PLL LOT;LO3802;0;;"RZE"
2025-05-12;16:45;ALICANTE;RYANAIR;FR4163;0;;"RZE"
2025-05-12;16:45;WARSZAWA;PLL LOT;LO3808;0;;"RZE"
2025-05-12;23:05;SHARM EL SHEIKH;SKYUP;U57551;0;;"RZE"
2025-05-13;05:45;WARSZAWA;PLL LOT;LO3804;0;;"RZE"
2025-05-13;06:00;MONACHIUM;LUFTHANSA;LH1607;0;;"RZE"
2025-05-13;08:10;ZADAR;RYANAIR;FR9399;0;;"RZE"
2025-05-13;08:50;WARSZAWA;PLL LOT;LO3806;0;;"RZE"
2025-05-13;11:05;ANTALIA;MGA;4M4612;0;;"RZE"
2025-05-13;11:50;DUBLIN;RYANAIR;FR863;0;;"RZE"
2025-05-13;12:00;WARSZAWA;PLL LOT;LO3810;0;;"RZE"
2025-05-13;12:20;LONDYN (Stansted);RYANAIR;FR212;0;;"RZE"
2025-05-13;13:05;MARSA ALAM INTL;ENTER AIR;ENT4865;0;;"RZE"
2025-05-13;13:05;MONACHIUM;LUFTHANSA;LH1605;0;;"RZE"
2025-05-13;15:00;WARSZAWA;PLL LOT;LO3802;0;;"RZE"
2025-05-13;16:45;WARSZAWA;PLL LOT;LO3808;0;;"RZE"
2025-05-13;17:00;MEDIOLAN;WIZZ AIR;W46354;0;;"RZE"
2025-05-13;18:35;LONDYN (Luton);RYANAIR;FR3473;0;;"RZE"
2025-05-13;21:25;MANCHESTER;RYANAIR;FR3203;0;;"RZE"
2025-05-14;05:45;WARSZAWA;PLL LOT;LO3804;0;;"RZE"
2025-05-14;06:00;MONACHIUM;LUFTHANSA;LH1607;0;;"RZE"
2025-05-14;08:50;WARSZAWA;PLL LOT;LO3806;0;;"RZE"
2025-05-14;09:15;MEDIOLAN;RYANAIR;FR1102;0;;"RZE"
2025-05-14;10:50;DUBLIN;RYANAIR;FR863;0;;"RZE"
2025-05-14;12:00;WARSZAWA;PLL LOT;LO3810;0;;"RZE"
2025-05-14;13:00;MONACHIUM;LUFTHANSA;LH1605;0;;"RZE"
2025-05-14;14:30;ANTALIA;MGA;4M882;0;;"RZE"
2025-05-14;15:00;WARSZAWA;PLL LOT;LO3802;0;;"RZE"
2025-05-14;16:20;ZADAR;RYANAIR;FR9399;0;;"RZE"
2025-05-14;16:45;WARSZAWA;PLL LOT;LO3808;0;;"RZE"
2025-05-14;16:50;MANCHESTER;RYANAIR;FR3203;0;;"RZE"
2025-05-14;17:00;MEDIOLAN;WIZZ AIR;W46354;0;;"RZE"
2025-05-14;19:00;ANTALIA;PEGASUS AIRLINES;PC6284;0;;"RZE"
2025-05-14;20:50;ANTALIA;ENTER AIR;ENT;0;;"RZE"
2025-05-14;20:50;ANTALIA;ENTER AIR;ENT4865;0;;"RZE"
2025-05-14;20:50;ANTALIA;ENTER AIR;ENT7033;0;;"RZE"
2025-05-14;21:15;MALTA;RYANAIR;FR3864;0;;"RZE"
2025-05-14;21:45;LONDYN (Stansted);RYANAIR;FR2135;0;;"RZE"
2025-05-14;22:30;BRISTOL;RYANAIR;FR8225;0;;"RZE"
2025-05-15;05:45;WARSZAWA;PLL LOT;LO3804;0;;"RZE"
2025-05-15;06:00;MONACHIUM;LUFTHANSA;LH1607;0;;"RZE"
2025-05-15;08:50;WARSZAWA;PLL LOT;LO3806;0;;"RZE"
2025-05-15;09:15;MEDIOLAN;RYANAIR;FR1102;0;;"RZE"
2025-05-15;09:30;ALICANTE;RYANAIR;FR4163;0;;"RZE"
2025-05-15;10:05;RODOS;BUZZ;RR3061;0;;"RZE"
2025-05-15;10:55;LONDYN (Stansted);RYANAIR;FR2135;0;;"RZE"
2025-05-15;12:00;WARSZAWA;PLL LOT;LO3810;0;;"RZE"
2025-05-15;13:00;MONACHIUM;LUFTHANSA;LH1605;0;;"RZE"
2025-05-15;13:20;BRISTOL;RYANAIR;FR8225;0;;"RZE"
2025-05-15;14:30;ANTALIA;MGA;4M882;0;;"RZE"
2025-05-15;15:00;WARSZAWA;PLL LOT;LO3802;0;;"RZE"
2025-05-15;15:50;AGADIR AL-MASSIRA;ENTER AIR;ENT1365;0;;"RZE"
2025-05-15;16:20;ZADAR;RYANAIR;FR9399;0;;"RZE"
2025-05-15;16:45;WARSZAWA;PLL LOT;LO3808;0;;"RZE"
2025-05-15;18:00;ANTALIA;MGA;4M4612;0;;"RZE"
2025-05-15;20:15;LONDYN (Luton);RYANAIR;FR3473;0;;"RZE"
2025-05-16;05:45;WARSZAWA;PLL LOT;LO3804;0;;"RZE"
2025-05-16;06:00;MONACHIUM;LUFTHANSA;LH1607;0;;"RZE"
2025-05-16;08:50;WARSZAWA;PLL LOT;LO3806;0;;"RZE"
2025-05-16;09:30;ALICANTE;RYANAIR;FR4163;0;;"RZE"
2025-05-16;10:05;RODOS;BUZZ;RR3061;0;;"RZE"
2025-05-16;12:00;WARSZAWA;PLL LOT;LO3810;0;;"RZE"
2025-05-16;12:05;MEDIOLAN;RYANAIR;FR1102;0;;"RZE"
2025-05-16;13:05;MONACHIUM;LUFTHANSA;LH1605;0;;"RZE"
2025-05-16;13:20;BRISTOL;RYANAIR;FR8225;0;;"RZE"
2025-05-16;15:00;WARSZAWA;PLL LOT;LO3802;0;;"RZE"
2025-05-16;15:50;AGADIR AL-MASSIRA;ENTER AIR;ENT1365;0;;"RZE"
2025-05-16;16:45;WARSZAWA;PLL LOT;LO3808;0;;"RZE"
2025-05-16;19:25;LONDYN (Stansted);RYANAIR;FR2135;0;;"RZE"
2025-05-16;19:25;RZYM;WIZZ AIR;W46068;0;;"RZE"
2025-05-16;23:00;HURGHADA;SKYUP;U58655;0;;"RZE"
2025-05-16;23:05;SHARM EL SHEIKH;SKYUP;U57551;0;;"RZE"
2025-05-16;23:05;SHARM EL SHEIKH;SKYUP;U57553;0;;"RZE"
2025-05-17;05:45;WARSZAWA;PLL LOT;LO3804;0;;"RZE"
2025-05-17;06:00;MONACHIUM;LUFTHANSA;LH1607;0;;"RZE"
2025-05-17;08:50;WARSZAWA;PLL LOT;LO3806;0;;"RZE"
2025-05-17;09:00;MALTA;RYANAIR;FR3864;0;;"RZE"
2025-05-17;10:20;DUBLIN;RYANAIR;FR863;0;;"RZE"
2025-05-17;12:00;WARSZAWA;PLL LOT;LO3810;0;;"RZE"
2025-05-17;13:00;MONACHIUM;LUFTHANSA;LH1605;0;;"RZE"