Data;Czas;Kierunek;Przewoznik;Rejs;;Lotnisko wylotowe
2025-04-17;05:35;Larnaca (LCA);Wizz Air;W6 1551;;"WAW"
2025-04-17;05:40;Rzym (FCO);Wizz Air;W6 1441;;"WAW"
2025-04-17;05:45;Nykoping-Skavsta (NYO);Wizz Air;W6 1501;;"WAW"
2025-04-17;05:50;Liverpool (LPL);Wizz Air;W6 1311;;"WAW"
2025-04-17;05:55;Salalah (SLL);Enter Air;ENT5601;;"WAW"
2025-04-17;06:00;Amsterdam (AMS);KLM;KL 1310;;"WAW"
2025-04-17;06:00;Londyn-Luton (LTN);Wizz Air;W6 1301;;"WAW"
2025-04-17;06:00;Monachium (MUC);Lufthansa;LH 1617;;"WAW"
2025-04-17;06:00;Walencja (VLC);Wizz Air;W6 1337;;"WAW"
2025-04-17;06:05;Paryż (CDG);Air France;AF 1247;;"WAW"
2025-04-17;06:10;Tel Awiw (TLV);Wizz Air;W6 1559;;"WAW"
2025-04-17;06:15;Antalia (AYT);LOT;LO 7421;;"WAW"
2025-04-17;06:20;Bergamo (BGY);Wizz Air;W6 1431;;"WAW"
2025-04-17;06:25;Frankfurt (FRA);Lufthansa;LH 1353;;"WAW"
2025-04-17;06:40;Kopenhaga (CPH);Wizz Air;W6 1367;;"WAW"
2025-04-17;06:45;Rodos (RHO);Enter Air;ENT7943;;"WAW"
2025-04-17;06:50;Bruksela (BRU);Brussels Airlines;SN 2560;;"WAW"
2025-04-17;06:50;Wiedeń (VIE);Austrian;OS 628;;"WAW"
2025-04-17;07:00;Jerez de la Frontera (XRY);Enter Air;ENT7025;;"WAW"
2025-04-17;07:05;Alicante (ALC);Wizz Air;W6 1487;;"WAW"
2025-04-17;07:05;Bari (BRI);Wizz Air;W6 1339;;"WAW"
2025-04-17;07:05;Szczecin (SZZ);LOT;LO 3931;;"WAW"
2025-04-17;07:10;Gdańsk (GDN);LOT;LO 3831;;"WAW"
2025-04-17;07:10;Wiedeń (VIE);LOT;LO 223;;"WAW"
2025-04-17;07:10;Wrocław (WRO);LOT;LO 3851;;"WAW"
2025-04-17;07:15;Bruksela (BRU);LOT;LO 235;;"WAW"
2025-04-17;07:15;Rzym (FCO);LOT;LO 301;;"WAW"
2025-04-17;07:20;Amsterdam (AMS);LOT;LO 265;;"WAW"
2025-04-17;07:20;Genewa (GVA);LOT;LO 417;;"WAW"
2025-04-17;07:20;Paryż (CDG);LOT;LO 331;;"WAW"
2025-04-17;07:25;Londyn-Heathrow (LHR);LOT;LO 281;;"WAW"
2025-04-17;07:35;Mediolan (MXP);LOT;LO 317;;"WAW"
2025-04-17;07:35;Monachium (MUC);LOT;LO 351;;"WAW"
2025-04-17;07:35;Zurych (ZRH);LOT;LO 411;;"WAW"
2025-04-17;07:40;Dusseldorf (DUS);LOT;LO 403;;"WAW"
2025-04-17;07:40;Luksemburg (LUX);LOT;LO 251;;"WAW"
2025-04-17;07:50;Budapeszt (BUD);LOT;LO 533;;"WAW"
2025-04-17;07:55;Dubai (DWC);Enter Air;ENT7009;;"WAW"
2025-04-17;07:55;Oslo (OSL);LOT;LO 481;;"WAW"
2025-04-17;08:00;Billund (BLL);LOT;LO 465;;"WAW"
2025-04-17;08:00;Praga (PRG);LOT;LO 523;;"WAW"
2025-04-17;08:00;Wilno (VNO);LOT;LO 777;;"WAW"
2025-04-17;08:05;Sztokholm (ARN);LOT;LO 453;;"WAW"
2025-04-17;08:10;Budapeszt (BUD);Wizz Air;W6 2468;;"WAW"
2025-04-17;08:25;Kopenhaga (CPH);LOT;LO 463;;"WAW"
2025-04-17;08:25;Wiedeń (VIE);Austrian;OS 626;;"WAW"
2025-04-17;08:30;Londyn-Heathrow (LHR);British Airways;BA 879;;"WAW"
2025-04-17;08:30;Monachium (MUC);Lufthansa;LH 1611;;"WAW"
2025-04-17;09:30;Teneryfa (TFS);Smartwings;3Z 7320;;"WAW"
2025-04-17;09:55;Tel Awiw (TLV);El Al;LY 5102;;"WAW"
2025-04-17;10:00;Hurghada (HRG);Air Cairo;SM 3606;;"WAW"
2025-04-17;10:15;Kopenhaga (CPH);SAS;SK 752;;"WAW"
2025-04-17;10:15;Zagrzeb (ZAG);LOT;LO 611;;"WAW"
2025-04-17;10:20;Genewa (GVA);LOT;LO 1421;;"WAW"
2025-04-17;10:25;Gdańsk (GDN);LOT;LO 3835;;"WAW"
2025-04-17;10:25;Poznań (POZ);LOT;LO 3945;;"WAW"
2025-04-17;10:25;Stambuł (IST);Turkish Airlines;TK 1266;;"WAW"
2025-04-17;10:30;Amsterdam (AMS);LOT;LO 263;;"WAW"
2025-04-17;10:30;Rzeszów (RZE);LOT;LO 3809;;"WAW"
2025-04-17;10:30;Tirana (TIA);LOT;LO 597;;"WAW"
2025-04-17;10:35;Kraków (KRK);LOT;LO 3907;;"WAW"
2025-04-17;10:35;Wrocław (WRO);LOT;LO 3853;;"WAW"
2025-04-17;10:40;Larnaca (LCA);LOT;LO 171;;"WAW"
2025-04-17;10:40;Madryt (MAD);LOT;LO 433;;"WAW"
2025-04-17;10:40;Podgorica (TGD);LOT;LO 583;;"WAW"
2025-04-17;10:45;Budapeszt (BUD);LOT;LO 535;;"WAW"
2025-04-17;10:45;Paryż-Orly (ORY);Wizz Air;W6 1353;;"WAW"
2025-04-17;10:45;Sofia (SOF);LOT;LO 631;;"WAW"
2025-04-17;10:50;Kluż-Napoka (CLJ);LOT;LO 651;;"WAW"
2025-04-17;10:50;Praga (PRG);LOT;LO 527;;"WAW"
2025-04-17;10:50;Skopje (SKP);LOT;LO 591;;"WAW"
2025-04-17;10:55;Kiszyniów (RMO);Wizz Air;W6 1585;;"WAW"
2025-04-17;11:00;Bukareszt (OTP);LOT;LO 641;;"WAW"
2025-04-17;11:00;Kiszyniów (RMO);LOT;LO 513;;"WAW"
2025-04-17;11:00;Tallinn (TLL);LOT;LO 785;;"WAW"
2025-04-17;11:15;Lizbona (LIS);LOT;LO 425;;"WAW"
2025-04-17;11:30;Malaga (AGP);Ryanair;FR 6640;;"WAW"
2025-04-17;11:40;Belgrad (BEG);LOT;LO 571;;"WAW"
2025-04-17;11:45;Funchal Madeira (FNC);Wizz Air;W6 1535;;"WAW"
2025-04-17;11:45;Wilno (VNO);LOT;LO 771;;"WAW"
2025-04-17;11:50;Londyn-Heathrow (LHR);British Airways;BA 847;;"WAW"
2025-04-17;11:55;Szczecin (SZZ);LOT;LO 3933;;"WAW"
2025-04-17;12:05;Oslo (OSL);Norwegian;DY 1021;;"WAW"
2025-04-17;12:05;Seul (ICN);LOT;LO 097;;"WAW"
2025-04-17;12:10;Charleroi-Gosselies (CRL);Wizz Air;W6 1381;;"WAW"
2025-04-17;12:20;Miami (MIA);LOT;LO 029;;"WAW"
2025-04-17;12:25;Amsterdam (AMS);KLM;KL 1314;;"WAW"
2025-04-17;12:45;Djerba (DJE);Nouvelair;BJ 7667;;"WAW"
2025-04-17;12:45;Londyn-Luton (LTN);Wizz Air;W6 1303;;"WAW"
2025-04-17;12:45;Paryż (CDG);Air France;AF 1147;;"WAW"
2025-04-17;12:45;Sharjah (SHJ);ABY;G9 859;;"WAW"
2025-04-17;12:50;Stambuł (IST);LOT;LO 135;;"WAW"
2025-04-17;12:55;Eindhoven (EIN);Wizz Air;W6 1371;;"WAW"
2025-04-17;13:00;Helsinki (HEL);Finnair;AY 1144;;"WAW"
2025-04-17;13:05;Ateny (ATH);SKY EXPRESS;GQ 771;;"WAW"
2025-04-17;13:05;Lizbona (LIS);TAP Portugal;TP 1205;;"WAW"
2025-04-17;13:10;Monachium (MUC);Lufthansa;LH 1613;;"WAW"
2025-04-17;13:10;Ostrawa (OSR);LOT;LO 501;;"WAW"
2025-04-17;13:15;Gdańsk (GDN);LOT;LO 3837;;"WAW"
2025-04-17;13:15;Sandefjord-Torp (TRF);Wizz Air;W6 1515;;"WAW"
2025-04-17;13:15;Wrocław (WRO);LOT;LO 3843;;"WAW"
2025-04-17;13:20;Hurghada (HRG);LOT;LO 6197;;"WAW"
2025-04-17;13:20;Kraków (KRK);LOT;LO 3905;;"WAW"
2025-04-17;13:20;Poznań (POZ);LOT;LO 3943;;"WAW"
2025-04-17;13:25;Katowice (KTW);LOT;LO 3883;;"WAW"
2025-04-17;13:25;Rzeszów (RZE);LOT;LO 3801;;"WAW"
2025-04-17;13:30;Malaga (AGP);Wizz Air;W6 1335;;"WAW"
2025-04-17;13:40;Antalia (AYT);Mavi Gök Airlines;4M 872;;"WAW"
2025-04-17;13:40;Antalia (AYT);TAH;6K 872;;"WAW"
2025-04-17;13:40;Bydgoszcz (BZG);LOT;LO 3993;;"WAW"
2025-04-17;13:40;Lublin (LUZ);LOT;LO 3965;;"WAW"
2025-04-17;13:50;Bruksela (BRU);LOT;LO 237;;"WAW"
2025-04-17;14:15;Wilno (VNO);LOT;LO 779;;"WAW"
2025-04-17;14:20;Frankfurt (FRA);Lufthansa;LH 1349;;"WAW"
2025-04-17;14:30;Paphos (PFO);LOT;LO 6369;;"WAW"
2025-04-17;14:40;Kiszyniów (RMO);LOT;LO 515;;"WAW"
2025-04-17;14:40;Ljubljana (LJU);LOT;LO 617;;"WAW"
2025-04-17;14:40;Madryt (MAD);Wizz Air;W6 1471;;"WAW"
2025-04-17;14:40;Sarajewo (SJJ);LOT;LO 579;;"WAW"
2025-04-17;14:45;Bukareszt (OTP);LOT;LO 645;;"WAW"
2025-04-17;14:50;Kraków (KRK);LOT;LO 3919;;"WAW"
2025-04-17;14:50;Sofia (SOF);LOT;LO 633;;"WAW"
2025-04-17;14:50;Szczecin (SZZ);LOT;LO 3937;;"WAW"
2025-04-17;14:55;Belgrad (BEG);LOT;LO 573;;"WAW"
2025-04-17;14:55;Zurych (ZRH);Swiss;LX 1349;;"WAW"
2025-04-17;15:00;Kopenhaga (CPH);SAS;SK 2762;;"WAW"
2025-04-17;15:00;Tel Awiw (TLV);LOT;LO 155;;"WAW"
2025-04-17;15:00;Wiedeń (VIE);Austrian;OS 624;;"WAW"
2025-04-17;15:05;Tallinn (TLL);LOT;LO 787;;"WAW"
2025-04-17;15:10;Dubai (DXB);Emirates;EK 180;;"WAW"
2025-04-17;15:10;Rzeszów (RZE);LOT;LO 3807;;"WAW"
2025-04-17;15:20;Rijad (RUH);LOT;LO 125;;"WAW"
2025-04-17;15:25;Palma de Mallorca (PMI);Wizz Air;W6 1327;;"WAW"
2025-04-17;15:25;Ryga (RIX);LOT;LO 781;;"WAW"
2025-04-17;15:30;Londyn-Heathrow (LHR);LOT;LO 279;;"WAW"
2025-04-17;15:35;Budapeszt (BUD);LOT;LO 537;;"WAW"
2025-04-17;15:35;Marsa-Alam (RMF);Skyline Express;QU 2247;;"WAW"
2025-04-17;15:35;Rzym (FCO);LOT;LO 303;;"WAW"
2025-04-17;15:40;Zagrzeb (ZAG);LOT;LO 613;;"WAW"
2025-04-17;15:50;Delhi (DEL);LOT;LO 071;;"WAW"
2025-04-17;15:55;Barcelona (BCN);Wizz Air;W6 1477;;"WAW"
2025-04-17;15:55;Sharm El Sheikh (SSH);Sky Up Airlines;U5 7347;;"WAW"
2025-04-17;16:00;Koszyce (KSC);LOT;LO 509;;"WAW"
2025-04-17;16:05;Praga (PRG);LOT;LO 521;;"WAW"
2025-04-17;16:15;Malta (MLA);Wizz Air;W6 1589;;"WAW"
2025-04-17;16:25;Dubrownik (DBV);LOT;LO 565;;"WAW"
2025-04-17;16:25;Paryż (CDG);LOT;LO 335;;"WAW"
2025-04-17;16:30;Wilno (VNO);LOT;LO 775;;"WAW"
2025-04-17;16:35;Bruksela (BRU);LOT;LO 233;;"WAW"
2025-04-17;16:35;Genewa (GVA);LOT;LO 415;;"WAW"
2025-04-17;16:35;Wrocław (WRO);LOT;LO 3847;;"WAW"
2025-04-17;16:40;Chicago (ORD);LOT;LO 003;;"WAW"
2025-04-17;16:40;Mediolan (MXP);LOT;LO 319;;"WAW"
2025-04-17;16:45;Amsterdam (AMS);LOT;LO 267;;"WAW"
2025-04-17;16:45;Gdańsk (GDN);LOT;LO 3815;;"WAW"
2025-04-17;16:45;Los Angeles (LAX);LOT;LO 023;;"WAW"
2025-04-17;16:45;Poznań (POZ);LOT;LO 3947;;"WAW"
2025-04-17;16:50;Katowice (KTW);LOT;LO 3885;;"WAW"
2025-04-17;16:50;Kraków (KRK);LOT;LO 3923;;"WAW"
2025-04-17;16:50;Nowy Jork JFK (JFK);LOT;LO 026;;"WAW"
2025-04-17;16:50;Oslo (OSL);LOT;LO 483;;"WAW"
2025-04-17;16:50;Sztokholm (ARN);LOT;LO 457;;"WAW"
2025-04-17;16:55;Paryż (CDG);Air France;AF 1347;;"WAW"
2025-04-17;17:00;Berlin (BER);LOT;LO 389;;"WAW"
2025-04-17;17:00;Dusseldorf (DUS);LOT;LO 407;;"WAW"
2025-04-17;17:00;Frankfurt (FRA);LOT;LO 379;;"WAW"
2025-04-17;17:00;Monachium (MUC);Lufthansa;LH 1615;;"WAW"
2025-04-17;17:00;Toronto (YYZ);LOT;LO 045;;"WAW"
2025-04-17;17:00;Zurych (ZRH);LOT;LO 409;;"WAW"
2025-04-17;17:10;Amsterdam (AMS);KLM;KL 1316;;"WAW"
2025-04-17;17:10;Kopenhaga (CPH);LOT;LO 461;;"WAW"
2025-04-17;17:10;Monachium (MUC);LOT;LO 353;;"WAW"
2025-04-17;17:15;Luksemburg (LUX);LOT;LO 253;;"WAW"
2025-04-17;17:20;Wiedeń (VIE);LOT;LO 225;;"WAW"
2025-04-17;17:25;Londyn-Luton (LTN);Wizz Air;W6 1305;;"WAW"
2025-04-17;17:25;Newark (EWR);LOT;LO 015;;"WAW"
2025-04-17;17:30;Billund (BLL);LOT;LO 467;;"WAW"
2025-04-17;17:40;Doha (DOH);Qatar Airways;QR 260;;"WAW"
2025-04-17;17:45;Praga (PRG);LOT;LO 525;;"WAW"
2025-04-17;17:50;Pisa (PSA);Wizz Air;W6 1467;;"WAW"
2025-04-17;18:00;Bazylea (BSL);Wizz Air;W6 1363;;"WAW"
2025-04-17;18:05;Bruksela (BRU);Brussels Airlines;SN 2556;;"WAW"
2025-04-17;18:10;Bergamo (BGY);Wizz Air;W6 1433;;"WAW"
2025-04-17;18:10;Londyn-Heathrow (LHR);British Airways;BA 851;;"WAW"
2025-04-17;18:25;Ateny (ATH);Aegean;A3 873;;"WAW"
2025-04-17;18:25;Palma de Mallorca (PMI);Ryanair;FR 6145;;"WAW"
2025-04-17;18:30;Budapeszt (BUD);LOT;LO 531;;"WAW"
2025-04-17;18:40;Antalia (AYT);SunExpress;XQ 421;;"WAW"
2025-04-17;18:55;Stambuł (IST);Turkish Airlines;TK 1766;;"WAW"
2025-04-17;19:00;Kopenhaga (CPH);Wizz Air;W6 1369;;"WAW"
2025-04-17;19:10;Helsinki (HEL);Finnair;AY 1146;;"WAW"
2025-04-17;19:25;Frankfurt (FRA);Lufthansa;LH 1351;;"WAW"
2025-04-17;19:35;Addis Abeba (ADD);Ethiopian;ET 731;;"WAW"
2025-04-17;19:35;Szczecin (SZZ);LOT;LO 3935;;"WAW"
2025-04-17;19:40;Amsterdam (AMS);KLM;KL 1318;;"WAW"
2025-04-17;19:40;Wiedeń (VIE);Austrian;OS 632;;"WAW"
2025-04-17;19:40;Zurych (ZRH);Swiss;LX 1353;;"WAW"
2025-04-17;19:55;Gdańsk (GDN);LOT;LO 3825;;"WAW"
2025-04-17;19:55;Kraków (KRK);LOT;LO 3921;;"WAW"
2025-04-17;19:55;Zielona Góra (IEG);LOT;LO 3985;;"WAW"
2025-04-17;20:00;Wrocław (WRO);LOT;LO 3859;;"WAW"
2025-04-17;20:05;Dusseldorf (DUS);LOT;LO 405;;"WAW"
2025-04-17;20:05;Stambuł (IST);LOT;LO 137;;"WAW"
2025-04-17;20:15;Amsterdam (AMS);LOT;LO 269;;"WAW"
2025-04-17;20:15;Paryż (CDG);LOT;LO 333;;"WAW"
2025-04-17;20:20;Bruksela (BRU);LOT;LO 231;;"WAW"
2025-04-17;20:20;Katowice (KTW);LOT;LO 3887;;"WAW"
2025-04-17;20:20;Londyn-Heathrow (LHR);LOT;LO 285;;"WAW"
2025-04-17;20:25;Neapol (NAP);Wizz Air;W4 1457;;"WAW"
2025-04-17;20:25;Praga (PRG);LOT;LO 529;;"WAW"
2025-04-17;20:30;Hamburg (HAM);LOT;LO 397;;"WAW"
2025-04-17;20:30;Keflavik (KEF);Wizz Air;W6 1539;;"WAW"
2025-04-17;20:30;Pisa (PSA);Ryanair;FR 7643;;"WAW"
2025-04-17;20:35;Poznań (POZ);LOT;LO 3951;;"WAW"
2025-04-17;20:35;Sztokholm (ARN);LOT;LO 455;;"WAW"
2025-04-17;20:40;Goeteborg-Landvetter (GOT);LOT;LO 495;;"WAW"
2025-04-17;20:40;Kopenhaga (CPH);LOT;LO 459;;"WAW"
2025-04-17;20:40;Monachium (MUC);LOT;LO 355;;"WAW"
2025-04-17;21:10;Helsinki (HEL);Finnair;AY 1148;;"WAW"
2025-04-17;21:15;Tallinn (TLL);LOT;LO 789;;"WAW"
2025-04-17;21:25;Dubai (DXB);Fly Dubai;FZ 1840;;"WAW"
2025-04-17;21:30;Tbilisi (TBS);LOT;LO 723;;"WAW"
2025-04-17;21:35;Keflavik (KEF);LOT;LO 499;;"WAW"
2025-04-17;22:25;Hurghada (HRG);Smartwings;3Z 7102;;"WAW"
2025-04-17;22:35;Wilno (VNO);LOT;LO 773;;"WAW"
2025-04-17;22:45;Katowice (KTW);LOT;LO 3879;;"WAW"
2025-04-17;22:45;Wrocław (WRO);LOT;LO 3849;;"WAW"
2025-04-17;22:50;Erywań (EVN);LOT;LO 729;;"WAW"
2025-04-17;22:50;Tokio-Narita (NRT);LOT;LO 079;;"WAW"
2025-04-17;22:55;Gdańsk (GDN);LOT;LO 3827;;"WAW"
2025-04-17;22:55;Kraków (KRK);LOT;LO 3911;;"WAW"
2025-04-17;22:55;Sofia (SOF);LOT;LO 635;;"WAW"
2025-04-17;23:00;Bukareszt (OTP);LOT;LO 643;;"WAW"
2025-04-17;23:00;Kair (CAI);LOT;LO 149;;"WAW"
2025-04-17;23:00;Ryga (RIX);LOT;LO 793;;"WAW"
2025-04-17;23:00;Tallinn (TLL);LOT;LO 791;;"WAW"
2025-04-17;23:00;Taszkent (TAS);LOT;LO 191;;"WAW"
2025-04-17;23:00;Tel Awiw (TLV);LOT;LO 151;;"WAW"
2025-04-17;23:10;Rzeszów (RZE);LOT;LO 3803;;"WAW"
2025-04-18;05:35;Barcelona (BCN);Wizz Air;W6 1475;;"WAW"
2025-04-18;05:35;Larnaca (LCA);Wizz Air;W6 1551;;"WAW"
2025-04-18;05:40;Rzym (FCO);Wizz Air;W6 1441;;"WAW"
2025-04-18;05:45;Nykoping-Skavsta (NYO);Wizz Air;W6 1501;;"WAW"
2025-04-18;05:50;Liverpool (LPL);Wizz Air;W6 1311;;"WAW"
2025-04-18;05:50;Mediolan (MXP);Wizz Air;W6 6390;;"WAW"
2025-04-18;05:55;Salalah (SLL);Enter Air;ENT5601;;"WAW"
2025-04-18;05:55;Antalia (AYT);Enter Air;ENT4007;;"WAW"
2025-04-18;05:55;Antalia (AYT);Enter Air;ENT7341;;"WAW"
2025-04-18;06:00;Amsterdam (AMS);KLM;KL 1310;;"WAW"
2025-04-18;06:00;Londyn-Luton (LTN);Wizz Air;W6 1301;;"WAW"
2025-04-18;06:00;Monachium (MUC);Lufthansa;LH 1617;;"WAW"
2025-04-18;06:00;Walencja (VLC);Wizz Air;W6 1337;;"WAW"
2025-04-18;06:05;Paryż (CDG);Air France;AF 1247;;"WAW"
2025-04-18;06:10;Tel Awiw (TLV);Wizz Air;W6 1559;;"WAW"
2025-04-18;06:15;Antalia (AYT);LOT;LO 7421;;"WAW"
2025-04-18;06:20;Bergamo (BGY);Wizz Air;W6 1431;;"WAW"
2025-04-18;06:20;Leeds-Bradford (LBA);Wizz Air;W6 1315;;"WAW"
2025-04-18;06:25;Frankfurt (FRA);Lufthansa;LH 1353;;"WAW"
2025-04-18;06:30;Marsa-Alam (RMF);Enter Air;ENT4401;;"WAW"
2025-04-18;06:40;Kopenhaga (CPH);Wizz Air;W6 1367;;"WAW"
2025-04-18;06:45;Rodos (RHO);Enter Air;ENT7943;;"WAW"
2025-04-18;06:50;Bruksela (BRU);Brussels Airlines;SN 2560;;"WAW"
2025-04-18;06:50;Wiedeń (VIE);Austrian;OS 628;;"WAW"
2025-04-18;06:55;Antalia (AYT);LOT;LO 6341;;"WAW"
2025-04-18;07:00;Jerez de la Frontera (XRY);Enter Air;ENT7025;;"WAW"
2025-04-18;07:05;Alicante (ALC);Wizz Air;W6 1487;;"WAW"
2025-04-18;07:05;Bari (BRI);Wizz Air;W6 1339;;"WAW"
2025-04-18;07:05;Szczecin (SZZ);LOT;LO 3931;;"WAW"
2025-04-18;07:05;Antalia (AYT);Enter Air;ENT4001;;"WAW"
2025-04-18;07:10;Gdańsk (GDN);LOT;LO 3831;;"WAW"
2025-04-18;07:10;Wiedeń (VIE);LOT;LO 223;;"WAW"
2025-04-18;07:10;Wrocław (WRO);LOT;LO 3851;;"WAW"
2025-04-18;07:15;Bruksela (BRU);LOT;LO 235;;"WAW"
2025-04-18;07:15;Rzym (FCO);LOT;LO 301;;"WAW"
2025-04-18;07:15;Nicea (NCE);LOT;LO 341;;"WAW"
2025-04-18;07:20;Amsterdam (AMS);LOT;LO 265;;"WAW"
2025-04-18;07:20;Genewa (GVA);LOT;LO 417;;"WAW"
2025-04-18;07:20;Paryż (CDG);LOT;LO 331;;"WAW"
2025-04-18;07:20;Hurghada (HRG);LOT;LO 6135;;"WAW"
2025-04-18;07:25;Londyn-Heathrow (LHR);LOT;LO 281;;"WAW"
2025-04-18;07:35;Mediolan (MXP);LOT;LO 317;;"WAW"
2025-04-18;07:35;Monachium (MUC);LOT;LO 351;;"WAW"
2025-04-18;07:35;Zurych (ZRH);LOT;LO 411;;"WAW"
2025-04-18;07:40;Dusseldorf (DUS);LOT;LO 403;;"WAW"
2025-04-18;07:40;Frankfurt (FRA);LOT;LO 381;;"WAW"
2025-04-18;07:40;Luksemburg (LUX);LOT;LO 251;;"WAW"
2025-04-18;07:50;Budapeszt (BUD);LOT;LO 533;;"WAW"
2025-04-18;07:55;Dubai (DWC);Enter Air;ENT7009;;"WAW"
2025-04-18;07:55;Oslo (OSL);LOT;LO 481;;"WAW"
2025-04-18;08:00;Billund (BLL);LOT;LO 465;;"WAW"
2025-04-18;08:00;Praga (PRG);LOT;LO 523;;"WAW"
2025-04-18;08:00;Wilno (VNO);LOT;LO 777;;"WAW"
2025-04-18;08:05;Sztokholm (ARN);LOT;LO 453;;"WAW"
2025-04-18;08:10;Budapeszt (BUD);Wizz Air;W6 2468;;"WAW"
2025-04-18;08:15;Stuttgart (STR);LOT;LO 371;;"WAW"
2025-04-18;08:25;Kopenhaga (CPH);LOT;LO 463;;"WAW"
2025-04-18;08:25;Wiedeń (VIE);Austrian;OS 626;;"WAW"
2025-04-18;08:30;Londyn-Heathrow (LHR);British Airways;BA 879;;"WAW"
2025-04-18;08:30;Monachium (MUC);Lufthansa;LH 1611;;"WAW"
2025-04-18;08:35;Mediolan (MXP);Wizz Air;W4 6388;;"WAW"
2025-04-18;08:40;Wenecja (VCE);Wizz Air;W4 1345;;"WAW"
2025-04-18;08:45;Dubai (DXB);Fly Dubai;FZ 1836;;"WAW"
2025-04-18;08:50;Antalia (AYT);SunExpress;XQ 423;;"WAW"
2025-04-18;08:55;Charleroi-Gosselies (CRL);Ryanair;FR 5749;;"WAW"
2025-04-18;08:55;Helsinki (HEL);Finnair;AY 1142;;"WAW"
2025-04-18;09:05;Hamburg (HAM);LOT;LO 395;;"WAW"
2025-04-18;09:05;Rodos (RHO);Ryanair Sun;RR 3067;;"WAW"
2025-04-18;09:10;Kutaisi (KUT);Wizz Air;W6 1575;;"WAW"
2025-04-18;09:15;Berlin (BER);LOT;LO 387;;"WAW"
2025-04-18;09:15;Stambuł (IST);LOT;LO 133;;"WAW"
2025-04-18;09:20;Ateny (ATH);LOT;LO 601;;"WAW"
2025-04-18;09:20;Barcelona (BCN);LOT;LO 437;;"WAW"
2025-04-18;09:20;Dubai (DWC);Enter Air;ENT4581;;"WAW"
2025-04-18;09:20;Dubrownik (DBV);LOT;LO 563;;"WAW"
2025-04-18;09:20;Wiedeń (VIE);Ryanair;FR 6065;;"WAW"
2025-04-18;09:30;Doha (DOH);Qatar Airways;QR 264;;"WAW"
2025-04-18;09:30;Gran Canaria (LPA);Smartwings;3Z 7316;;"WAW"
2025-04-18;09:40;Frankfurt (FRA);Lufthansa;LH 1347;;"WAW"
2025-04-18;09:45;Zurych (ZRH);Swiss;LX 1343;;"WAW"
2025-04-18;09:50;Marsa-Alam (RMF);Enter Air;ENT4097;;"WAW"
2025-04-18;09:50;Sewilla (SVQ);LAV;AP 1370;;"WAW"
2025-04-18;09:55;Tel Awiw (TLV);El Al;LY 5102;;"WAW"
2025-04-18;10:10;Lizbona (LIS);LOT;LO 425;;"WAW"
2025-04-18;10:15;Kopenhaga (CPH);SAS;SK 752;;"WAW"
2025-04-18;10:15;Palma de Mallorca (PMI);Ryanair;FR 6145;;"WAW"
2025-04-18;10:15;Zagrzeb (ZAG);LOT;LO 611;;"WAW"
2025-04-18;10:20;Genewa (GVA);LOT;LO 1421;;"WAW"
2025-04-18;10:25;Gdańsk (GDN);LOT;LO 3835;;"WAW"
2025-04-18;10:25;Katowice (KTW);LOT;LO 3881;;"WAW"
2025-04-18;10:25;Poznań (POZ);LOT;LO 3945;;"WAW"
2025-04-18;10:30;Amsterdam (AMS);LOT;LO 263;;"WAW"
2025-04-18;10:30;Rzeszów (RZE);LOT;LO 3809;;"WAW"
2025-04-18;10:35;Kraków (KRK);LOT;LO 3907;;"WAW"
2025-04-18;10:35;Stambuł (IST);Turkish Airlines;TK 1266;;"WAW"
2025-04-18;10:35;Wrocław (WRO);LOT;LO 3853;;"WAW"
2025-04-18;10:40;Larnaca (LCA);LOT;LO 171;;"WAW"
2025-04-18;10:40;Madryt (MAD);LOT;LO 433;;"WAW"
2025-04-18;10:40;Podgorica (TGD);LOT;LO 583;;"WAW"
2025-04-18;10:40;Teneryfa (TFS);Wizz Air;W6 1495;;"WAW"
2025-04-18;10:45;Sarajewo (SJJ);LOT;LO 577;;"WAW"
2025-04-18;10:45;Sofia (SOF);LOT;LO 631;;"WAW"
2025-04-18;10:50;Budapeszt (BUD);LOT;LO 535;;"WAW"
2025-04-18;10:50;Kluż-Napoka (CLJ);LOT;LO 651;;"WAW"
2025-04-18;10:50;Praga (PRG);LOT;LO 527;;"WAW"
2025-04-18;10:50;Ryga (RIX);LOT;LO 783;;"WAW"
2025-04-18;11:00;Agadir (AGA);LOT;LO 6509;;"WAW"
2025-04-18;11:00;Bukareszt (OTP);LOT;LO 641;;"WAW"
2025-04-18;11:00;Tallinn (TLL);LOT;LO 785;;"WAW"
2025-04-18;11:10;Kiszyniów (RMO);LOT;LO 513;;"WAW"
2025-04-18;11:10;Ljubljana (LJU);LOT;LO 615;;"WAW"
2025-04-18;11:10;Paryż-Orly (ORY);Wizz Air;W6 1353;;"WAW"
2025-04-18;11:25;Oradea (OMR);LOT;LO 655;;"WAW"
2025-04-18;11:40;Belgrad (BEG);LOT;LO 571;;"WAW"
2025-04-18;11:45;Wilno (VNO);LOT;LO 771;;"WAW"
2025-04-18;11:50;Londyn-Heathrow (LHR);British Airways;BA 847;;"WAW"
2025-04-18;11:55;Szczecin (SZZ);LOT;LO 3933;;"WAW"
2025-04-18;12:05;Oslo (OSL);Norwegian;DY 1021;;"WAW"
2025-04-18;12:10;Charleroi-Gosselies (CRL);Wizz Air;W6 1381;;"WAW"
2025-04-18;12:25;Amsterdam (AMS);KLM;KL 1314;;"WAW"
2025-04-18;12:45;Londyn-Luton (LTN);Wizz Air;W6 1303;;"WAW"
2025-04-18;12:45;Paryż (CDG);Air France;AF 1147;;"WAW"
2025-04-18;12:50;Stambuł (IST);LOT;LO 135;;"WAW"
2025-04-18;12:55;Eindhoven (EIN);Wizz Air;W6 1371;;"WAW"
2025-04-18;13:00;Helsinki (HEL);Finnair;AY 1144;;"WAW"
2025-04-18;13:10;Monachium (MUC);Lufthansa;LH 1613;;"WAW"
2025-04-18;13:10;Ostrawa (OSR);LOT;LO 501;;"WAW"
2025-04-18;13:15;Sandefjord-Torp (TRF);Wizz Air;W6 1515;;"WAW"
2025-04-18;13:15;Wrocław (WRO);LOT;LO 3843;;"WAW"
2025-04-18;13:20;Antalia (AYT);PGT;PC 1501;;"WAW"
2025-04-18;13:20;Gdańsk (GDN);LOT;LO 3837;;"WAW"
2025-04-18;13:20;Kraków (KRK);LOT;LO 3905;;"WAW"
2025-04-18;13:20;Poznań (POZ);LOT;LO 3943;;"WAW"
2025-04-18;13:25;Rzeszów (RZE);LOT;LO 3801;;"WAW"
2025-04-18;13:30;Malaga (AGP);Wizz Air;W6 1335;;"WAW"
2025-04-18;13:30;Pekin (PEK);Air China;CA 738;;"WAW"
2025-04-18;13:40;Bydgoszcz (BZG);LOT;LO 3993;;"WAW"
2025-04-18;13:40;Katowice (KTW);LOT;LO 3883;;"WAW"
2025-04-18;13:40;Lublin (LUZ);LOT;LO 3965;;"WAW"
2025-04-18;13:50;Bruksela (BRU);LOT;LO 237;;"WAW"
2025-04-18;14:15;Porto (OPO);Wizz Air;W6 1595;;"WAW"
2025-04-18;14:15;Wilno (VNO);LOT;LO 779;;"WAW"
2025-04-18;14:20;Frankfurt (FRA);Lufthansa;LH 1349;;"WAW"
2025-04-18;14:25;Sal (SID);Smartwings;3Z 7604;;"WAW"
2025-04-18;14:25;Tirana (TIA);LOT;LO 599;;"WAW"
2025-04-18;14:30;Hurghada (HRG);Skyline Express;QU 2225;;"WAW"
2025-04-18;14:35;Sewilla (SVQ);Wizz Air;W6 1351;;"WAW"
2025-04-18;14:40;Kiszyniów (RMO);LOT;LO 515;;"WAW"
2025-04-18;14:40;Ljubljana (LJU);LOT;LO 617;;"WAW"
2025-04-18;14:40;Madryt (MAD);Wizz Air;W6 1471;;"WAW"
2025-04-18;14:40;Skopje (SKP);LOT;LO 593;;"WAW"
2025-04-18;14:50;Bukareszt (OTP);LOT;LO 645;;"WAW"
2025-04-18;14:50;Sofia (SOF);LOT;LO 633;;"WAW"
2025-04-18;14:50;Szczecin (SZZ);LOT;LO 3937;;"WAW"
2025-04-18;14:55;Zurych (ZRH);Swiss;LX 1349;;"WAW"
2025-04-18;15:00;Kopenhaga (CPH);SAS;SK 2762;;"WAW"
2025-04-18;15:00;Newark (EWR);LOT;LO 011;;"WAW"
2025-04-18;15:00;Tel Awiw (TLV);LOT;LO 155;;"WAW"
2025-04-18;15:00;Wiedeń (VIE);Austrian;OS 624;;"WAW"
2025-04-18;15:05;Tallinn (TLL);LOT;LO 787;;"WAW"
2025-04-18;15:10;Dubai (DXB);Emirates;EK 180;;"WAW"
2025-04-18;15:10;Rzeszów (RZE);LOT;LO 3807;;"WAW"
2025-04-18;15:25;Kraków (KRK);LOT;LO 3919;;"WAW"
2025-04-18;15:25;Ryga (RIX);LOT;LO 781;;"WAW"
2025-04-18;15:30;Londyn-Heathrow (LHR);LOT;LO 279;;"WAW"
2025-04-18;15:35;Budapeszt (BUD);LOT;LO 537;;"WAW"
2025-04-18;15:35;Rzym (FCO);LOT;LO 303;;"WAW"
2025-04-18;15:40;Zagrzeb (ZAG);LOT;LO 613;;"WAW"
2025-04-18;15:50;Delhi (DEL);LOT;LO 071;;"WAW"
2025-04-18;15:55;Taszkent (TAS);LOT;LO 189;;"WAW"
2025-04-18;16:00;Lyon (LYS);LOT;LO 347;;"WAW"
2025-04-18;16:05;Praga (PRG);LOT;LO 521;;"WAW"
2025-04-18;16:15;Malta (MLA);Wizz Air;W6 1589;;"WAW"
2025-04-18;16:15;Nicea (NCE);LOT;LO 343;;"WAW"
2025-04-18;16:25;Nicea (NCE);Wizz Air;W6 1349;;"WAW"
2025-04-18;16:25;Paryż (CDG);LOT;LO 335;;"WAW"
2025-04-18;16:30;Wilno (VNO);LOT;LO 775;;"WAW"
2025-04-18;16:35;Bruksela (BRU);LOT;LO 233;;"WAW"
2025-04-18;16:35;Genewa (GVA);LOT;LO 415;;"WAW"
2025-04-18;16:35;Hurghada (HRG);Nesma Airlines;NE 5304;;"WAW"
2025-04-18;16:35;Wenecja (VCE);LOT;LO 311;;"WAW"
2025-04-18;16:35;Wrocław (WRO);LOT;LO 3847;;"WAW"
2025-04-18;16:40;Mediolan (MXP);LOT;LO 319;;"WAW"
2025-04-18;16:45;Amsterdam (AMS);LOT;LO 267;;"WAW"
2025-04-18;16:45;Gdańsk (GDN);LOT;LO 3815;;"WAW"
2025-04-18;16:45;Poznań (POZ);LOT;LO 3947;;"WAW"
2025-04-18;16:50;Kraków (KRK);LOT;LO 3923;;"WAW"
2025-04-18;16:50;Nowy Jork JFK (JFK);LOT;LO 026;;"WAW"
2025-04-18;16:50;Oslo (OSL);LOT;LO 483;;"WAW"
2025-04-18;16:50;Sztokholm (ARN);LOT;LO 457;;"WAW"
2025-04-18;16:55;Paryż (CDG);Air France;AF 1347;;"WAW"
2025-04-18;17:00;Berlin (BER);LOT;LO 389;;"WAW"
2025-04-18;17:00;Dusseldorf (DUS);LOT;LO 407;;"WAW"
2025-04-18;17:00;Frankfurt (FRA);LOT;LO 379;;"WAW"
2025-04-18;17:00;Monachium (MUC);Lufthansa;LH 1615;;"WAW"
2025-04-18;17:00;Toronto (YYZ);LOT;LO 045;;"WAW"
2025-04-18;17:00;Zurych (ZRH);LOT;LO 409;;"WAW"
2025-04-18;17:10;Amsterdam (AMS);KLM;KL 1316;;"WAW"
2025-04-18;17:10;Kopenhaga (CPH);LOT;LO 461;;"WAW"
2025-04-18;17:10;Monachium (MUC);LOT;LO 353;;"WAW"
2025-04-18;17:10;Stuttgart (STR);LOT;LO 373;;"WAW"
2025-04-18;17:15;Luksemburg (LUX);LOT;LO 253;;"WAW"
2025-04-18;17:20;Wiedeń (VIE);LOT;LO 225;;"WAW"
2025-04-18;17:25;Londyn-Luton (LTN);Wizz Air;W6 1305;;"WAW"
2025-04-18;17:30;Billund (BLL);LOT;LO 467;;"WAW"
2025-04-18;17:35;Lizbona (LIS);TAP Portugal;TP 1205;;"WAW"
2025-04-18;17:40;Doha (DOH);Qatar Airways;QR 260;;"WAW"
2025-04-18;17:40;Rzym (FCO);Wizz Air;W6 1443;;"WAW"
2025-04-18;17:45;Praga (PRG);LOT;LO 525;;"WAW"
2025-04-18;18:00;Bologna (BLQ);Wizz Air;W6 1465;;"WAW"
2025-04-18;18:05;Bruksela (BRU);Brussels Airlines;SN 2556;;"WAW"
2025-04-18;18:10;Bergamo (BGY);Wizz Air;W6 1433;;"WAW"
2025-04-18;18:15;Londyn-Heathrow (LHR);British Airways;BA 851;;"WAW"
2025-04-18;18:25;Ateny (ATH);Aegean;A3 873;;"WAW"
2025-04-18;18:30;Budapeszt (BUD);LOT;LO 531;;"WAW"
2025-04-18;18:35;Ateny (ATH);SKY EXPRESS;GQ 771;;"WAW"
2025-04-18;18:40;Marsa-Alam (RMF);LOT;LO 6617;;"WAW"
2025-04-18;18:55;Stambuł (IST);Turkish Airlines;TK 1766;;"WAW"
2025-04-18;19:10;Helsinki (HEL);Finnair;AY 1146;;"WAW"
2025-04-18;19:20;Paryż (CDG);Air France;AF 1047;;"WAW"
2025-04-18;19:25;Frankfurt (FRA);Lufthansa;LH 1351;;"WAW"
2025-04-18;19:35;Catania (CTA);Wizz Air;W4 1453;;"WAW"
2025-04-18;19:35;Szczecin (SZZ);LOT;LO 3935;;"WAW"
2025-04-18;19:40;Amsterdam (AMS);KLM;KL 1318;;"WAW"
2025-04-18;19:40;Wiedeń (VIE);Austrian;OS 632;;"WAW"
2025-04-18;19:40;Zurych (ZRH);Swiss;LX 1353;;"WAW"
2025-04-18;19:55;Gdańsk (GDN);LOT;LO 3825;;"WAW"
2025-04-18;19:55;Kraków (KRK);LOT;LO 3921;;"WAW"
2025-04-18;20:00;Wrocław (WRO);LOT;LO 3859;;"WAW"
2025-04-18;20:05;Dusseldorf (DUS);LOT;LO 405;;"WAW"
2025-04-18;20:05;Stambuł (IST);LOT;LO 137;;"WAW"
2025-04-18;20:10;Zielona Góra (IEG);LOT;LO 3985;;"WAW"
2025-04-18;20:15;Amsterdam (AMS);LOT;LO 269;;"WAW"
2025-04-18;20:15;Paryż (CDG);LOT;LO 333;;"WAW"
2025-04-18;20:20;Bruksela (BRU);LOT;LO 231;;"WAW"
2025-04-18;20:20;Bukareszt (OTP);LOT;LO 639;;"WAW"
2025-04-18;20:20;Londyn-Heathrow (LHR);LOT;LO 285;;"WAW"
2025-04-18;20:25;Alicante (ALC);Ryanair;FR 6073;;"WAW"
2025-04-18;20:25;Neapol (NAP);Wizz Air;W4 1457;;"WAW"
2025-04-18;20:25;Praga (PRG);LOT;LO 529;;"WAW"
2025-04-18;20:30;Hamburg (HAM);LOT;LO 397;;"WAW"
2025-04-18;20:35;Poznań (POZ);LOT;LO 3951;;"WAW"
2025-04-18;20:35;Sztokholm (ARN);LOT;LO 455;;"WAW"
2025-04-18;20:40;Goeteborg-Landvetter (GOT);LOT;LO 495;;"WAW"
2025-04-18;20:40;Kopenhaga (CPH);LOT;LO 459;;"WAW"
2025-04-18;20:40;Monachium (MUC);LOT;LO 355;;"WAW"
2025-04-18;20:45;Lizbona (LIS);Wizz Air;W6 1593;;"WAW"
2025-04-18;20:45;Manchester (MAN);Ryanair;FR 8880;;"WAW"
2025-04-18;21:25;Dubai (DXB);Fly Dubai;FZ 1840;;"WAW"
2025-04-18;21:40;Sharjah (SHJ);ABY;G9 606;;"WAW"
2025-04-18;22:35;Poznań (POZ);LOT;LO 3941;;"WAW"
2025-04-18;22:35;Wilno (VNO);LOT;LO 773;;"WAW"
2025-04-18;22:45;Katowice (KTW);LOT;LO 3879;;"WAW"
2025-04-18;22:45;Tbilisi (TBS);LOT;LO 725;;"WAW"
2025-04-18;22:45;Wrocław (WRO);LOT;LO 3849;;"WAW"
2025-04-18;22:50;Erywań (EVN);LOT;LO 729;;"WAW"
2025-04-18;22:50;Tokio-Narita (NRT);LOT;LO 079;;"WAW"
2025-04-18;22:55;Gdańsk (GDN);LOT;LO 3827;;"WAW"
2025-04-18;22:55;Kraków (KRK);LOT;LO 3911;;"WAW"
2025-04-18;22:55;Sofia (SOF);LOT;LO 635;;"WAW"
2025-04-18;23:00;Astana (NQZ);LOT;LO 195;;"WAW"
2025-04-18;23:00;Baku (GYD);LOT;LO 721;;"WAW"
2025-04-18;23:00;Bukareszt (OTP);LOT;LO 643;;"WAW"
2025-04-18;23:00;Ryga (RIX);LOT;LO 793;;"WAW"
2025-04-18;23:00;Tallinn (TLL);LOT;LO 791;;"WAW"
2025-04-18;23:00;Tel Awiw (TLV);LOT;LO 151;;"WAW"
2025-04-18;23:10;Koszyce (KSC);LOT;LO 517;;"WAW"
2025-04-18;23:10;Rzeszów (RZE);LOT;LO 3803;;"WAW"
2025-04-19;05:35;Barcelona (BCN);Wizz Air;W6 1475;;"WAW"
2025-04-19;05:40;Rzym (FCO);Wizz Air;W6 1441;;"WAW"
2025-04-19;05:45;Nykoping-Skavsta (NYO);Wizz Air;W6 1501;;"WAW"
2025-04-19;05:50;Mediolan (MXP);Wizz Air;W6 6390;;"WAW"
2025-04-19;05:55;Antalia (AYT);Enter Air;ENT4007;;"WAW"
2025-04-19;05:55;Antalia (AYT);Enter Air;ENT7341;;"WAW"
2025-04-19;06:00;Amsterdam (AMS);KLM;KL 1310;;"WAW"
2025-04-19;06:00;Antalia (AYT);LOT;LO 7421;;"WAW"
2025-04-19;06:00;Londyn-Luton (LTN);Wizz Air;W6 1301;;"WAW"
2025-04-19;06:00;Monachium (MUC);Lufthansa;LH 1617;;"WAW"
2025-04-19;06:05;Bari (BRI);Wizz Air;W6 1339;;"WAW"
2025-04-19;06:05;Paryż (CDG);Air France;AF 1247;;"WAW"
2025-04-19;06:10;Tel Awiw (TLV);Wizz Air;W6 1559;;"WAW"
2025-04-19;06:20;Bergamo (BGY);Wizz Air;W6 1431;;"WAW"
2025-04-19;06:20;Leeds-Bradford (LBA);Wizz Air;W6 1315;;"WAW"
2025-04-19;06:30;Marsa-Alam (RMF);Enter Air;ENT4401;;"WAW"
2025-04-19;06:35;Frankfurt (FRA);Lufthansa;LH 1353;;"WAW"
2025-04-19;06:40;Kopenhaga (CPH);Wizz Air;W6 1367;;"WAW"
2025-04-19;06:50;Bruksela (BRU);Brussels Airlines;SN 2560;;"WAW"
2025-04-19;06:50;Wiedeń (VIE);Austrian;OS 628;;"WAW"
2025-04-19;06:55;Antalia (AYT);LOT;LO 6341;;"WAW"
2025-04-19;07:05;Alicante (ALC);Wizz Air;W6 1487;;"WAW"
2025-04-19;07:05;Antalia (AYT);Enter Air;ENT4001;;"WAW"
2025-04-19;07:05;Larnaca (LCA);Wizz Air;W6 1551;;"WAW"
2025-04-19;07:05;Szczecin (SZZ);LOT;LO 3931;;"WAW"
2025-04-19;07:10;Wiedeń (VIE);LOT;LO 223;;"WAW"
2025-04-19;07:10;Wrocław (WRO);LOT;LO 3851;;"WAW"
2025-04-19;07:15;Bruksela (BRU);LOT;LO 235;;"WAW"
2025-04-19;07:15;Nicea (NCE);LOT;LO 341;;"WAW"
2025-04-19;07:15;Rzym (FCO);LOT;LO 301;;"WAW"
2025-04-19;07:20;Amsterdam (AMS);LOT;LO 265;;"WAW"
2025-04-19;07:20;Genewa (GVA);LOT;LO 417;;"WAW"
2025-04-19;07:20;Hurghada (HRG);LOT;LO 6135;;"WAW"
2025-04-19;07:20;Paryż (CDG);LOT;LO 331;;"WAW"
2025-04-19;07:25;Londyn-Heathrow (LHR);LOT;LO 281;;"WAW"
2025-04-19;07:35;Mediolan (MXP);LOT;LO 317;;"WAW"
2025-04-19;07:35;Monachium (MUC);LOT;LO 351;;"WAW"
2025-04-19;07:35;Zurych (ZRH);LOT;LO 411;;"WAW"
2025-04-19;07:40;Dusseldorf (DUS);LOT;LO 403;;"WAW"
2025-04-19;07:40;Frankfurt (FRA);LOT;LO 381;;"WAW"
2025-04-19;07:50;Budapeszt (BUD);LOT;LO 533;;"WAW"
2025-04-19;07:55;Londyn-Heathrow (LHR);British Airways;BA 879;;"WAW"
2025-04-19;07:55;Oslo (OSL);LOT;LO 481;;"WAW"
2025-04-19;08:00;Billund (BLL);LOT;LO 465;;"WAW"
2025-04-19;08:00;Praga (PRG);LOT;LO 523;;"WAW"
2025-04-19;08:00;Wilno (VNO);LOT;LO 777;;"WAW"
2025-04-19;08:05;Sztokholm (ARN);LOT;LO 453;;"WAW"
2025-04-19;08:10;Budapeszt (BUD);Wizz Air;W6 2468;;"WAW"
2025-04-19;08:15;Stuttgart (STR);LOT;LO 371;;"WAW"
2025-04-19;08:25;Kopenhaga (CPH);LOT;LO 463;;"WAW"
2025-04-19;08:25;Wiedeń (VIE);Austrian;OS 626;;"WAW"
2025-04-19;08:45;Dubai (DXB);Fly Dubai;FZ 1836;;"WAW"
2025-04-19;08:45;Mediolan (MXP);Wizz Air;W4 6388;;"WAW"
2025-04-19;08:50;Monachium (MUC);Lufthansa;LH 1611;;"WAW"
2025-04-19;08:55;Helsinki (HEL);Finnair;AY 1142;;"WAW"
2025-04-19;09:05;Hamburg (HAM);LOT;LO 395;;"WAW"
2025-04-19;09:10;Kutaisi (KUT);Wizz Air;W6 1575;;"WAW"
2025-04-19;09:15;Stambuł (IST);LOT;LO 133;;"WAW"
2025-04-19;09:15;Wenecja (VCE);LOT;LO 309;;"WAW"
2025-04-19;09:20;Ateny (ATH);LOT;LO 601;;"WAW"
2025-04-19;09:20;Barcelona (BCN);LOT;LO 437;;"WAW"
2025-04-19;09:20;Berlin (BER);LOT;LO 387;;"WAW"
2025-04-19;09:25;Marsa-Alam (RMF);Smartwings;3Z 7112;;"WAW"
2025-04-19;09:30;Antalia (AYT);Corendon;XC 8146;;"WAW"
2025-04-19;09:30;Wiedeń (VIE);Ryanair;FR 6065;;"WAW"
2025-04-19;09:40;Frankfurt (FRA);Lufthansa;LH 1347;;"WAW"
2025-04-19;09:40;Lanzarote Arrecife (ACE);Smartwings;3Z 7332;;"WAW"
2025-04-19;09:55;Alicante (ALC);Ryanair;FR 6073;;"WAW"
2025-04-19;10:05;Palma de Mallorca (PMI);Ryanair;FR 6145;;"WAW"
2025-04-19;10:10;Lanzarote Arrecife (ACE);Enter Air;ENT7031;;"WAW"
2025-04-19;10:15;Kopenhaga (CPH);SAS;SK 752;;"WAW"
2025-04-19;10:20;Genewa (GVA);LOT;LO 1421;;"WAW"
2025-04-19;10:25;Gdańsk (GDN);LOT;LO 3835;;"WAW"
2025-04-19;10:25;Stambuł (IST);Turkish Airlines;TK 1266;;"WAW"
2025-04-19;10:30;Amsterdam (AMS);LOT;LO 263;;"WAW"
2025-04-19;10:30;Rzeszów (RZE);LOT;LO 3809;;"WAW"
2025-04-19;10:35;Kraków (KRK);LOT;LO 3907;;"WAW"
2025-04-19;10:35;Teneryfa (TFS);Wizz Air;W6 1495;;"WAW"
2025-04-19;10:35;Wrocław (WRO);LOT;LO 3853;;"WAW"
2025-04-19;10:40;Funchal Madeira (FNC);Enter Air;ENT7115;;"WAW"
2025-04-19;10:40;Funchal Madeira (FNC);Enter Air;ENT7105;;"WAW"
2025-04-19;10:40;Larnaca (LCA);LOT;LO 171;;"WAW"
2025-04-19;10:40;Madryt (MAD);LOT;LO 433;;"WAW"
2025-04-19;10:45;Paryż-Orly (ORY);Wizz Air;W6 1353;;"WAW"
2025-04-19;10:45;Sarajewo (SJJ);LOT;LO 577;;"WAW"
2025-04-19;10:45;Sofia (SOF);LOT;LO 631;;"WAW"
2025-04-19;10:50;Budapeszt (BUD);LOT;LO 535;;"WAW"
2025-04-19;10:50;Praga (PRG);LOT;LO 527;;"WAW"
2025-04-19;10:50;Ryga (RIX);LOT;LO 783;;"WAW"
2025-04-19;10:55;Kiszyniów (RMO);LOT;LO 513;;"WAW"
2025-04-19;11:00;Bukareszt (OTP);LOT;LO 641;;"WAW"
2025-04-19;11:00;Ljubljana (LJU);LOT;LO 615;;"WAW"
2025-04-19;11:00;Tallinn (TLL);LOT;LO 785;;"WAW"
2025-04-19;11:20;Sharm El Sheikh (SSH);LOT;LO 6575;;"WAW"
2025-04-19;11:40;Belgrad (BEG);LOT;LO 571;;"WAW"
2025-04-19;11:45;Wilno (VNO);LOT;LO 771;;"WAW"
2025-04-19;11:50;Marsa-Alam (RMF);Enter Air;ENT7005;;"WAW"
2025-04-19;12:05;Lizbona (LIS);LOT;LO 425;;"WAW"
2025-04-19;12:10;Charleroi-Gosselies (CRL);Wizz Air;W6 1381;;"WAW"
2025-04-19;12:10;Chicago (ORD);LOT;LO 001;;"WAW"
2025-04-19;12:10;Marsa-Alam (RMF);LOT;LO 6689;;"WAW"
2025-04-19;12:20;Miami (MIA);LOT;LO 029;;"WAW"
2025-04-19;12:25;Amsterdam (AMS);KLM;KL 1314;;"WAW"
2025-04-19;12:25;Nowy Jork JFK (JFK);LOT;LO 006;;"WAW"
2025-04-19;12:45;Londyn-Luton (LTN);Wizz Air;W6 1303;;"WAW"
2025-04-19;12:45;Paryż (CDG);Air France;AF 1147;;"WAW"
2025-04-19;12:50;Stambuł (IST);LOT;LO 135;;"WAW"
2025-04-19;12:55;Eindhoven (EIN);Wizz Air;W6 1371;;"WAW"
2025-04-19;13:00;Helsinki (HEL);Finnair;AY 1144;;"WAW"
2025-04-19;13:05;Antalia (AYT);Enter Air;ENT1169;;"WAW"
2025-04-19;13:05;Lizbona (LIS);TAP Portugal;TP 1205;;"WAW"
2025-04-19;13:10;Monachium (MUC);Lufthansa;LH 1613;;"WAW"
2025-04-19;13:10;Sandefjord-Torp (TRF);Wizz Air;W6 1515;;"WAW"
2025-04-19;13:15;Gdańsk (GDN);LOT;LO 3837;;"WAW"
2025-04-19;13:15;Wrocław (WRO);LOT;LO 3843;;"WAW"
2025-04-19;13:20;Kraków (KRK);LOT;LO 3905;;"WAW"
2025-04-19;13:20;Poznań (POZ);LOT;LO 3943;;"WAW"
2025-04-19;13:25;Katowice (KTW);LOT;LO 3883;;"WAW"
2025-04-19;13:25;Rzeszów (RZE);LOT;LO 3801;;"WAW"
2025-04-19;13:30;Malaga (AGP);Wizz Air;W6 1335;;"WAW"
2025-04-19;13:30;Pekin (PEK);Air China;CA 738;;"WAW"
2025-04-19;13:30;Sharm El Sheikh (SSH);Enter Air;ENT4597;;"WAW"
2025-04-19;13:40;Lublin (LUZ);LOT;LO 3965;;"WAW"
2025-04-19;14:00;Antalia (AYT);Mavi Gök Airlines;4M 872;;"WAW"
2025-04-19;14:00;Antalia (AYT);TAH;6K 872;;"WAW"
2025-04-19;14:05;Malta (MLA);LOT;LO 673;;"WAW"
2025-04-19;14:05;Toronto (YYZ);LOT;LO 041;;"WAW"
2025-04-19;14:15;Wilno (VNO);LOT;LO 779;;"WAW"
2025-04-19;14:20;Frankfurt (FRA);Lufthansa;LH 1349;;"WAW"
2025-04-19;14:20;Kopenhaga (CPH);Wizz Air;W6 1369;;"WAW"
2025-04-19;14:25;Podgorica (TGD);LOT;LO 585;;"WAW"
2025-04-19;14:40;Kiszyniów (RMO);LOT;LO 515;;"WAW"
2025-04-19;14:40;Madryt (MAD);Wizz Air;W6 1471;;"WAW"
2025-04-19;14:40;Skopje (SKP);LOT;LO 593;;"WAW"
2025-04-19;14:45;Antalia (AYT);LOT;LO 6375;;"WAW"
2025-04-19;14:50;Bukareszt (OTP);LOT;LO 645;;"WAW"
2025-04-19;14:50;Sofia (SOF);LOT;LO 633;;"WAW"
2025-04-19;14:50;Szczecin (SZZ);LOT;LO 3937;;"WAW"
2025-04-19;14:55;Belgrad (BEG);LOT;LO 573;;"WAW"
2025-04-19;14:55;Zurych (ZRH);Swiss;LX 1349;;"WAW"
2025-04-19;15:00;Kluż-Napoka (CLJ);LOT;LO 653;;"WAW"
2025-04-19;15:00;Kopenhaga (CPH);SAS;SK 2762;;"WAW"
2025-04-19;15:00;Tel Awiw (TLV);LOT;LO 155;;"WAW"
2025-04-19;15:00;Wiedeń (VIE);Austrian;OS 624;;"WAW"
2025-04-19;15:05;Tallinn (TLL);LOT;LO 787;;"WAW"
2025-04-19;15:10;Dubai (DXB);Emirates;EK 180;;"WAW"
2025-04-19;15:10;Kraków (KRK);LOT;LO 3919;;"WAW"
2025-04-19;15:10;Rzeszów (RZE);LOT;LO 3807;;"WAW"
2025-04-19;15:10;Seul (ICN);LOT;LO 099;;"WAW"
2025-04-19;15:15;Bombaj (BOM);LOT;LO 075;;"WAW"
2025-04-19;15:25;Ryga (RIX);LOT;LO 781;;"WAW"
2025-04-19;15:30;Londyn-Heathrow (LHR);LOT;LO 279;;"WAW"
2025-04-19;15:35;Budapeszt (BUD);LOT;LO 537;;"WAW"
2025-04-19;15:35;Palma de Mallorca (PMI);Wizz Air;W6 1327;;"WAW"
2025-04-19;15:55;Barcelona (BCN);Wizz Air;W6 1477;;"WAW"
2025-04-19;16:05;Praga (PRG);LOT;LO 521;;"WAW"
2025-04-19;16:15;Malta (MLA);Wizz Air;W6 1589;;"WAW"
2025-04-19;16:25;Dubrownik (DBV);LOT;LO 565;;"WAW"
2025-04-19;16:25;Paryż (CDG);LOT;LO 335;;"WAW"
2025-04-19;16:30;Genewa (GVA);LOT;LO 415;;"WAW"
2025-04-19;16:30;Wilno (VNO);LOT;LO 775;;"WAW"
2025-04-19;16:35;Bruksela (BRU);LOT;LO 233;;"WAW"
2025-04-19;16:35;Wrocław (WRO);LOT;LO 3847;;"WAW"
2025-04-19;16:40;Chicago (ORD);LOT;LO 003;;"WAW"
2025-04-19;16:40;Mediolan (MXP);LOT;LO 319;;"WAW"
2025-04-19;16:45;Amsterdam (AMS);LOT;LO 267;;"WAW"
2025-04-19;16:45;Gdańsk (GDN);LOT;LO 3815;;"WAW"
2025-04-19;16:50;Kraków (KRK);LOT;LO 3923;;"WAW"
2025-04-19;16:50;Nowy Jork JFK (JFK);LOT;LO 026;;"WAW"
2025-04-19;16:50;Oslo (OSL);LOT;LO 483;;"WAW"
2025-04-19;16:50;Sztokholm (ARN);LOT;LO 457;;"WAW"
2025-04-19;17:00;Berlin (BER);LOT;LO 389;;"WAW"
2025-04-19;17:00;Dusseldorf (DUS);LOT;LO 407;;"WAW"
2025-04-19;17:00;Frankfurt (FRA);LOT;LO 379;;"WAW"
2025-04-19;17:00;Paryż (CDG);Air France;AF 1347;;"WAW"
2025-04-19;17:00;Toronto (YYZ);LOT;LO 045;;"WAW"
2025-04-19;17:00;Zurych (ZRH);LOT;LO 409;;"WAW"
2025-04-19;17:10;Amsterdam (AMS);KLM;KL 1316;;"WAW"
2025-04-19;17:10;Kopenhaga (CPH);LOT;LO 461;;"WAW"
2025-04-19;17:25;Londyn-Luton (LTN);Wizz Air;W6 1305;;"WAW"
2025-04-19;17:40;Doha (DOH);Qatar Airways;QR 260;;"WAW"
2025-04-19;17:40;Pisa (PSA);Wizz Air;W6 1467;;"WAW"
2025-04-19;18:00;Bazylea (BSL);Wizz Air;W6 1363;;"WAW"
2025-04-19;18:00;Monachium (MUC);LOT;LO 353;;"WAW"
2025-04-19;18:10;Bergamo (BGY);Wizz Air;W6 1433;;"WAW"
2025-04-19;18:25;Ateny (ATH);Aegean;A3 873;;"WAW"
2025-04-19;18:30;Kiszyniów (RMO);Wizz Air;W6 1585;;"WAW"
2025-04-19;18:40;Antalia (AYT);SunExpress;XQ 421;;"WAW"
2025-04-19;18:45;Tirana (TIA);Ryanair;FR 6809;;"WAW"
2025-04-19;18:50;Londyn-Heathrow (LHR);British Airways;BA 851;;"WAW"
2025-04-19;18:55;Stambuł (IST);Turkish Airlines;TK 1766;;"WAW"
2025-04-19;19:10;Helsinki (HEL);Finnair;AY 1146;;"WAW"
2025-04-19;19:25;Frankfurt (FRA);Lufthansa;LH 1351;;"WAW"
2025-04-19;19:40;Amsterdam (AMS);KLM;KL 1318;;"WAW"
2025-04-19;19:40;Wiedeń (VIE);Austrian;OS 632;;"WAW"
2025-04-19;19:40;Zurych (ZRH);Swiss;LX 1353;;"WAW"
2025-04-19;19:55;Kraków (KRK);LOT;LO 3921;;"WAW"
2025-04-19;20:00;Budapeszt (BUD);LOT;LO 539;;"WAW"
2025-04-19;20:00;Wrocław (WRO);LOT;LO 3859;;"WAW"
2025-04-19;20:05;Stambuł (IST);LOT;LO 137;;"WAW"
2025-04-19;20:15;Amsterdam (AMS);LOT;LO 269;;"WAW"
2025-04-19;20:15;Baku (GYD);LOT;LO 719;;"WAW"
2025-04-19;20:15;Paryż (CDG);LOT;LO 333;;"WAW"
2025-04-19;20:20;Bruksela (BRU);LOT;LO 231;;"WAW"
2025-04-19;20:20;Bukareszt (OTP);LOT;LO 639;;"WAW"
2025-04-19;20:20;Londyn-Heathrow (LHR);LOT;LO 285;;"WAW"
2025-04-19;20:25;Neapol (NAP);Wizz Air;W4 1457;;"WAW"
2025-04-19;20:30;Keflavik (KEF);Wizz Air;W6 1539;;"WAW"
2025-04-19;20:40;Monachium (MUC);LOT;LO 355;;"WAW"
2025-04-19;20:55;Sharjah (SHJ);ABY;G9 606;;"WAW"
2025-04-19;21:10;Helsinki (HEL);Finnair;AY 1148;;"WAW"
2025-04-19;21:15;Tallinn (TLL);LOT;LO 789;;"WAW"
2025-04-19;21:25;Dubai (DXB);Fly Dubai;FZ 1840;;"WAW"
2025-04-19;21:35;Keflavik (KEF);LOT;LO 499;;"WAW"
2025-04-19;21:40;Erywań (EVN);LOT;LO 727;;"WAW"
2025-04-19;22:15;Funchal Madeira (FNC);Smartwings;3Z 7306;;"WAW"
2025-04-19;22:35;Wilno (VNO);LOT;LO 773;;"WAW"
2025-04-19;22:45;Tbilisi (TBS);LOT;LO 725;;"WAW"
2025-04-19;22:45;Wrocław (WRO);LOT;LO 3849;;"WAW"
2025-04-19;22:50;Tokio-Narita (NRT);LOT;LO 079;;"WAW"
2025-04-19;22:55;Gdańsk (GDN);LOT;LO 3827;;"WAW"
2025-04-19;22:55;Kraków (KRK);LOT;LO 3911;;"WAW"
2025-04-19;23:00;Astana (NQZ);LOT;LO 195;;"WAW"
2025-04-19;23:00;Bukareszt (OTP);LOT;LO 643;;"WAW"
2025-04-19;23:00;Tallinn (TLL);LOT;LO 791;;"WAW"
2025-04-19;23:00;Tel Awiw (TLV);LOT;LO 151;;"WAW"
2025-04-20;05:35;Barcelona (BCN);Wizz Air;W6 1475;;"WAW"
2025-04-20;05:35;Liverpool (LPL);Wizz Air;W6 1311;;"WAW"
2025-04-20;05:40;Rzym (FCO);Wizz Air;W6 1441;;"WAW"
2025-04-20;05:45;Bari (BRI);Wizz Air;W6 1339;;"WAW"
2025-04-20;06:00;Amsterdam (AMS);KLM;KL 1310;;"WAW"
2025-04-20;06:00;Bilbao (BIO);Wizz Air;W6 1455;;"WAW"
2025-04-20;06:00;Londyn-Luton (LTN);Wizz Air;W6 1301;;"WAW"
2025-04-20;06:00;Monachium (MUC);Lufthansa;LH 1617;;"WAW"
2025-04-20;06:05;Hurghada (HRG);Enter Air;ENT4705;;"WAW"
2025-04-20;06:05;Paryż (CDG);Air France;AF 1247;;"WAW"
2025-04-20;06:10;Nykoping-Skavsta (NYO);Wizz Air;W6 1501;;"WAW"
2025-04-20;06:10;Tel Awiw (TLV);Wizz Air;W6 1559;;"WAW"
2025-04-20;06:20;Bergamo (BGY);Wizz Air;W6 1431;;"WAW"
2025-04-20;06:40;Frankfurt (FRA);Lufthansa;LH 1353;;"WAW"
2025-04-20;06:40;Kopenhaga (CPH);Wizz Air;W6 1367;;"WAW"
2025-04-20;07:00;Ras al-Chajma (RKT);Enter Air;ENT2103;;"WAW"
2025-04-20;07:05;Alicante (ALC);Wizz Air;W6 1487;;"WAW"
2025-04-20;07:05;Larnaca (LCA);Wizz Air;W6 1551;;"WAW"
2025-04-20;07:10;Gdańsk (GDN);LOT;LO 3831;;"WAW"
2025-04-20;07:10;Wrocław (WRO);LOT;LO 3851;;"WAW"
2025-04-20;07:15;Bruksela (BRU);LOT;LO 235;;"WAW"
2025-04-20;07:15;Rzym (FCO);LOT;LO 301;;"WAW"
2025-04-20;07:20;Amsterdam (AMS);LOT;LO 265;;"WAW"
2025-04-20;07:20;Genewa (GVA);LOT;LO 417;;"WAW"
2025-04-20;07:20;Paryż (CDG);LOT;LO 331;;"WAW"
2025-04-20;07:25;Londyn-Heathrow (LHR);LOT;LO 281;;"WAW"
2025-04-20;07:35;Mediolan (MXP);LOT;LO 317;;"WAW"
2025-04-20;07:35;Monachium (MUC);LOT;LO 351;;"WAW"
2025-04-20;07:35;Zurych (ZRH);LOT;LO 411;;"WAW"
2025-04-20;07:40;Dusseldorf (DUS);LOT;LO 403;;"WAW"
2025-04-20;07:40;Frankfurt (FRA);LOT;LO 381;;"WAW"
2025-04-20;07:45;Hurghada (HRG);Air Cairo;SM 3606;;"WAW"
2025-04-20;07:55;Londyn-Heathrow (LHR);British Airways;BA 879;;"WAW"
2025-04-20;07:55;Oslo (OSL);LOT;LO 481;;"WAW"
2025-04-20;07:55;Palermo (PMO);LOT;LO 6669;;"WAW"
2025-04-20;08:00;Praga (PRG);LOT;LO 523;;"WAW"
2025-04-20;08:05;Malta (MLA);LOT;LO 671;;"WAW"
2025-04-20;08:05;Sztokholm (ARN);LOT;LO 453;;"WAW"
2025-04-20;08:10;Antalia (AYT);LOT;LO 7405;;"WAW"
2025-04-20;08:10;Budapeszt (BUD);Wizz Air;W6 2468;;"WAW"
2025-04-20;08:25;Heraklion (HER);LOT;LO 6345;;"WAW"
2025-04-20;08:25;Kopenhaga (CPH);LOT;LO 463;;"WAW"
2025-04-20;08:25;Wiedeń (VIE);Austrian;OS 626;;"WAW"
2025-04-20;08:40;Wenecja (VCE);Wizz Air;W4 1345;;"WAW"
2025-04-20;08:45;Mediolan (MXP);Wizz Air;W4 6388;;"WAW"
2025-04-20;08:50;Antalia (AYT);SunExpress;XQ 423;;"WAW"
2025-04-20;08:50;Monachium (MUC);Lufthansa;LH 1611;;"WAW"
2025-04-20;08:55;Helsinki (HEL);Finnair;AY 1142;;"WAW"
2025-04-20;09:05;Hamburg (HAM);LOT;LO 395;;"WAW"
2025-04-20;09:10;Kutaisi (KUT);Wizz Air;W6 1575;;"WAW"
2025-04-20;09:15;Stambuł (IST);LOT;LO 133;;"WAW"
2025-04-20;09:20;Barcelona (BCN);LOT;LO 437;;"WAW"
2025-04-20;09:20;Berlin (BER);LOT;LO 387;;"WAW"
2025-04-20;09:20;Dubai (DXB);Fly Dubai;FZ 1836;;"WAW"
2025-04-20;09:20;Hurghada (HRG);Air Cairo;SM 3608;;"WAW"
2025-04-20;09:25;Heraklion (HER);LOT;LO 6629;;"WAW"
2025-04-20;09:30;Pisa (PSA);Ryanair;FR 7643;;"WAW"
2025-04-20;09:40;Frankfurt (FRA);Lufthansa;LH 1347;;"WAW"
2025-04-20;09:40;Lizbona (LIS);LOT;LO 425;;"WAW"
2025-04-20;09:45;Zurych (ZRH);Swiss;LX 1343;;"WAW"
2025-04-20;09:55;Antalia (AYT);Enter Air;ENT571;;"WAW"
2025-04-20;09:55;Tel Awiw (TLV);El Al;LY 5102;;"WAW"
2025-04-20;09:55;Teneryfa (TFS);Enter Air;ENT7701;;"WAW"
2025-04-20;10:00;Marsa-Alam (RMF);Enter Air;ENT4557;;"WAW"
2025-04-20;10:15;Kopenhaga (CPH);SAS;SK 752;;"WAW"
2025-04-20;10:15;Zagrzeb (ZAG);LOT;LO 611;;"WAW"
2025-04-20;10:25;Poznań (POZ);LOT;LO 3945;;"WAW"
2025-04-20;10:25;Stambuł (IST);Turkish Airlines;TK 1266;;"WAW"
2025-04-20;10:30;Amsterdam (AMS);LOT;LO 263;;"WAW"
2025-04-20;10:30;Szczecin (SZZ);LOT;LO 3933;;"WAW"
2025-04-20;10:30;Tirana (TIA);LOT;LO 597;;"WAW"
2025-04-20;10:35;Kraków (KRK);LOT;LO 3907;;"WAW"
2025-04-20;10:35;Wrocław (WRO);LOT;LO 3853;;"WAW"
2025-04-20;10:40;Kiszyniów (RMO);Wizz Air;W6 1585;;"WAW"
2025-04-20;10:40;Larnaca (LCA);LOT;LO 171;;"WAW"
2025-04-20;10:40;Madryt (MAD);LOT;LO 433;;"WAW"
2025-04-20;10:40;Podgorica (TGD);LOT;LO 583;;"WAW"
2025-04-20;10:45;Paryż-Orly (ORY);Wizz Air;W6 1353;;"WAW"
2025-04-20;10:45;Sofia (SOF);LOT;LO 631;;"WAW"
2025-04-20;10:50;Budapeszt (BUD);LOT;LO 535;;"WAW"
2025-04-20;10:50;Kluż-Napoka (CLJ);LOT;LO 651;;"WAW"
2025-04-20;10:50;Praga (PRG);LOT;LO 527;;"WAW"
2025-04-20;10:50;Ryga (RIX);LOT;LO 783;;"WAW"
2025-04-20;10:50;Sarajewo (SJJ);LOT;LO 577;;"WAW"
2025-04-20;10:50;Skopje (SKP);LOT;LO 591;;"WAW"
2025-04-20;11:00;Bukareszt (OTP);LOT;LO 641;;"WAW"
2025-04-20;11:00;Kiszyniów (RMO);LOT;LO 513;;"WAW"
2025-04-20;11:00;Ljubljana (LJU);LOT;LO 615;;"WAW"
2025-04-20;11:00;Tallinn (TLL);LOT;LO 785;;"WAW"
2025-04-20;11:20;Malaga (AGP);Ryanair;FR 6640;;"WAW"
2025-04-20;11:30;Alicante (ALC);Ryanair;FR 6073;;"WAW"
2025-04-20;11:40;Belgrad (BEG);LOT;LO 571;;"WAW"
2025-04-20;11:40;Marsa-Alam (RMF);Enter Air;ENT4877;;"WAW"
2025-04-20;11:40;Split (SPU);LOT;LO 575;;"WAW"
2025-04-20;11:45;Londyn-Heathrow (LHR);British Airways;BA 847;;"WAW"
2025-04-20;11:45;Wilno (VNO);LOT;LO 771;;"WAW"
2025-04-20;11:50;Funchal Madeira (FNC);Wizz Air;W6 1535;;"WAW"
2025-04-20;12:10;Charleroi-Gosselies (CRL);Wizz Air;W6 1381;;"WAW"
2025-04-20;12:25;Amsterdam (AMS);KLM;KL 1314;;"WAW"
2025-04-20;12:45;Londyn-Luton (LTN);Wizz Air;W6 1303;;"WAW"
2025-04-20;12:45;Paryż (CDG);Air France;AF 1147;;"WAW"
2025-04-20;12:50;Stambuł (IST);LOT;LO 135;;"WAW"
2025-04-20;12:55;Ankara (ESB);PGT;PC 1744;;"WAW"
2025-04-20;12:55;Eindhoven (EIN);Wizz Air;W6 1371;;"WAW"
2025-04-20;13:00;Helsinki (HEL);Finnair;AY 1144;;"WAW"
2025-04-20;13:00;Sharjah (SHJ);ABY;G9 859;;"WAW"
2025-04-20;13:05;Lizbona (LIS);TAP Portugal;TP 1205;;"WAW"
2025-04-20;13:10;Monachium (MUC);Lufthansa;LH 1613;;"WAW"
2025-04-20;13:15;Antalia (AYT);TAH;6K 872;;"WAW"
2025-04-20;13:15;Gdańsk (GDN);LOT;LO 3837;;"WAW"
2025-04-20;13:15;Sandefjord-Torp (TRF);Wizz Air;W6 1515;;"WAW"
2025-04-20;13:15;Wrocław (WRO);LOT;LO 3843;;"WAW"
2025-04-20;13:20;Kraków (KRK);LOT;LO 3905;;"WAW"
2025-04-20;13:20;Poznań (POZ);LOT;LO 3943;;"WAW"
2025-04-20;13:25;Katowice (KTW);LOT;LO 3883;;"WAW"
2025-04-20;13:25;Rzeszów (RZE);LOT;LO 3801;;"WAW"
2025-04-20;13:30;Malaga (AGP);Wizz Air;W6 1335;;"WAW"
2025-04-20;13:40;Bydgoszcz (BZG);LOT;LO 3993;;"WAW"
2025-04-20;13:40;Lublin (LUZ);LOT;LO 3965;;"WAW"
2025-04-20;14:00;Antalia (AYT);Mavi Gök Airlines;4M 872;;"WAW"
2025-04-20;14:00;Hurghada (HRG);Enter Air;ENT7937;;"WAW"
2025-04-20;14:15;Ateny (ATH);LOT;LO 603;;"WAW"
2025-04-20;14:15;Wilno (VNO);LOT;LO 779;;"WAW"
2025-04-20;14:20;Frankfurt (FRA);Lufthansa;LH 1349;;"WAW"
2025-04-20;14:35;Marsa-Alam (RMF);Skyline Express;QU 2247;;"WAW"
2025-04-20;14:40;Kiszyniów (RMO);LOT;LO 515;;"WAW"
2025-04-20;14:40;Ljubljana (LJU);LOT;LO 617;;"WAW"
2025-04-20;14:40;Madryt (MAD);Wizz Air;W6 1471;;"WAW"
2025-04-20;14:45;Bukareszt (OTP);LOT;LO 645;;"WAW"
2025-04-20;14:50;Newark (EWR);LOT;LO 011;;"WAW"
2025-04-20;14:50;Sofia (SOF);LOT;LO 633;;"WAW"
2025-04-20;14:50;Szczecin (SZZ);LOT;LO 3937;;"WAW"
2025-04-20;14:55;Zurych (ZRH);Swiss;LX 1349;;"WAW"
2025-04-20;15:00;Kopenhaga (CPH);SAS;SK 2762;;"WAW"
2025-04-20;15:00;Tel Awiw (TLV);LOT;LO 155;;"WAW"
2025-04-20;15:00;Wiedeń (VIE);Austrian;OS 624;;"WAW"
2025-04-20;15:05;Tallinn (TLL);LOT;LO 787;;"WAW"
2025-04-20;15:10;Dubai (DXB);Emirates;EK 180;;"WAW"
2025-04-20;15:10;Kraków (KRK);LOT;LO 3919;;"WAW"
2025-04-20;15:10;Rzeszów (RZE);LOT;LO 3807;;"WAW"
2025-04-20;15:10;Seul (ICN);LOT;LO 099;;"WAW"
2025-04-20;15:15;Palma de Mallorca (PMI);LOT;LO 6229;;"WAW"
2025-04-20;15:20;Rijad (RUH);LOT;LO 125;;"WAW"
2025-04-20;15:25;Ryga (RIX);LOT;LO 781;;"WAW"
2025-04-20;15:25;Walencja (VLC);Wizz Air;W6 1337;;"WAW"
2025-04-20;15:30;Londyn-Heathrow (LHR);LOT;LO 279;;"WAW"
2025-04-20;15:35;Budapeszt (BUD);LOT;LO 537;;"WAW"
2025-04-20;15:35;Rzym (FCO);LOT;LO 303;;"WAW"
2025-04-20;15:40;Zagrzeb (ZAG);LOT;LO 613;;"WAW"
2025-04-20;15:50;Delhi (DEL);LOT;LO 071;;"WAW"
2025-04-20;15:55;Barcelona (BCN);Wizz Air;W6 1477;;"WAW"
2025-04-20;15:55;Sharm El Sheikh (SSH);Sky Up Airlines;U5 7347;;"WAW"
2025-04-20;16:00;Lyon (LYS);LOT;LO 347;;"WAW"
2025-04-20;16:05;Oslo (OSL);Norwegian;DY 1021;;"WAW"
2025-04-20;16:05;Praga (PRG);LOT;LO 521;;"WAW"
2025-04-20;16:15;Malta (MLA);Wizz Air;W6 1589;;"WAW"
2025-04-20;16:15;Marsa-Alam (RMF);Sky Up Airlines;U5 7833;;"WAW"
2025-04-20;16:15;Nicea (NCE);LOT;LO 343;;"WAW"
2025-04-20;16:25;Dubrownik (DBV);LOT;LO 565;;"WAW"
2025-04-20;16:25;Paryż (CDG);LOT;LO 335;;"WAW"
2025-04-20;16:30;Wilno (VNO);LOT;LO 775;;"WAW"
2025-04-20;16:35;Bruksela (BRU);LOT;LO 233;;"WAW"
2025-04-20;16:35;Genewa (GVA);LOT;LO 415;;"WAW"
2025-04-20;16:35;Wenecja (VCE);LOT;LO 311;;"WAW"
2025-04-20;16:35;Wrocław (WRO);LOT;LO 3847;;"WAW"
2025-04-20;16:40;Mediolan (MXP);LOT;LO 319;;"WAW"
2025-04-20;16:45;Amsterdam (AMS);LOT;LO 267;;"WAW"
2025-04-20;16:45;Gdańsk (GDN);LOT;LO 3815;;"WAW"
2025-04-20;16:45;Los Angeles (LAX);LOT;LO 023;;"WAW"
2025-04-20;16:45;Poznań (POZ);LOT;LO 3947;;"WAW"
2025-04-20;16:50;Katowice (KTW);LOT;LO 3885;;"WAW"
2025-04-20;16:50;Nowy Jork JFK (JFK);LOT;LO 026;;"WAW"
2025-04-20;16:50;Oslo (OSL);LOT;LO 483;;"WAW"
2025-04-20;16:50;Sztokholm (ARN);LOT;LO 457;;"WAW"
2025-04-20;17:00;Berlin (BER);LOT;LO 389;;"WAW"
2025-04-20;17:00;Dusseldorf (DUS);LOT;LO 407;;"WAW"
2025-04-20;17:00;Frankfurt (FRA);LOT;LO 379;;"WAW"
2025-04-20;17:00;Monachium (MUC);Lufthansa;LH 1615;;"WAW"
2025-04-20;17:00;Toronto (YYZ);LOT;LO 045;;"WAW"
2025-04-20;17:00;Zurych (ZRH);LOT;LO 409;;"WAW"
2025-04-20;17:10;Amsterdam (AMS);KLM;KL 1316;;"WAW"
2025-04-20;17:10;Kopenhaga (CPH);LOT;LO 461;;"WAW"
2025-04-20;17:10;Monachium (MUC);LOT;LO 353;;"WAW"
2025-04-20;17:10;Stuttgart (STR);LOT;LO 373;;"WAW"
2025-04-20;17:15;Luksemburg (LUX);LOT;LO 253;;"WAW"
2025-04-20;17:20;Paryż (CDG);Air France;AF 1347;;"WAW"
2025-04-20;17:20;Wiedeń (VIE);LOT;LO 225;;"WAW"
2025-04-20;17:25;Londyn-Luton (LTN);Wizz Air;W6 1305;;"WAW"
2025-04-20;17:30;Billund (BLL);LOT;LO 467;;"WAW"
2025-04-20;17:40;Doha (DOH);Qatar Airways;QR 260;;"WAW"
2025-04-20;17:40;Palma de Mallorca (PMI);Enter Air;ENT7141;;"WAW"
2025-04-20;17:40;Rzym (FCO);Wizz Air;W6 1443;;"WAW"
2025-04-20;17:45;Praga (PRG);LOT;LO 525;;"WAW"
2025-04-20;17:50;Bologna (BLQ);Wizz Air;W6 1465;;"WAW"
2025-04-20;18:00;Bazylea (BSL);Wizz Air;W6 1363;;"WAW"
2025-04-20;18:05;Bruksela (BRU);Brussels Airlines;SN 2556;;"WAW"
2025-04-20;18:10;Bergamo (BGY);Wizz Air;W6 1433;;"WAW"
2025-04-20;18:15;Londyn-Heathrow (LHR);British Airways;BA 851;;"WAW"
2025-04-20;18:25;Ateny (ATH);Aegean;A3 873;;"WAW"
2025-04-20;18:30;Budapeszt (BUD);LOT;LO 531;;"WAW"
2025-04-20;18:55;Stambuł (IST);Turkish Airlines;TK 1766;;"WAW"
2025-04-20;19:10;Charleroi-Gosselies (CRL);Ryanair;FR 5749;;"WAW"
2025-04-20;19:10;Helsinki (HEL);Finnair;AY 1146;;"WAW"
2025-04-20;19:20;Paryż (CDG);Air France;AF 1047;;"WAW"
2025-04-20;19:25;Frankfurt (FRA);Lufthansa;LH 1351;;"WAW"
2025-04-20;19:35;Paphos (PFO);Ryanair;FR 5881;;"WAW"
2025-04-20;19:35;Szczecin (SZZ);LOT;LO 3935;;"WAW"
2025-04-20;19:40;Amsterdam (AMS);KLM;KL 1318;;"WAW"
2025-04-20;19:40;Catania (CTA);Wizz Air;W4 1453;;"WAW"
2025-04-20;19:40;Zurych (ZRH);Swiss;LX 1353;;"WAW"
2025-04-20;19:45;Addis Abeba (ADD);Ethiopian;ET 731;;"WAW"
2025-04-20;19:45;Kopenhaga (CPH);SAS;SK 2752;;"WAW"
2025-04-20;19:55;Kraków (KRK);LOT;LO 3921;;"WAW"
2025-04-20;19:55;Zielona Góra (IEG);LOT;LO 3985;;"WAW"
2025-04-20;20:00;Wrocław (WRO);LOT;LO 3859;;"WAW"
2025-04-20;20:05;Dusseldorf (DUS);LOT;LO 405;;"WAW"
2025-04-20;20:05;Stambuł (IST);LOT;LO 137;;"WAW"
2025-04-20;20:15;Amsterdam (AMS);LOT;LO 269;;"WAW"
2025-04-20;20:15;Paryż (CDG);LOT;LO 333;;"WAW"
2025-04-20;20:20;Bruksela (BRU);LOT;LO 231;;"WAW"
2025-04-20;20:20;Londyn-Heathrow (LHR);LOT;LO 285;;"WAW"
2025-04-20;20:25;Neapol (NAP);Wizz Air;W4 1457;;"WAW"
2025-04-20;20:25;Praga (PRG);LOT;LO 529;;"WAW"
2025-04-20;20:30;Hamburg (HAM);LOT;LO 397;;"WAW"
2025-04-20;20:30;Keflavik (KEF);Wizz Air;W6 1539;;"WAW"
2025-04-20;20:35;Poznań (POZ);LOT;LO 3951;;"WAW"
2025-04-20;20:35;Sztokholm (ARN);LOT;LO 455;;"WAW"
2025-04-20;20:40;Goeteborg-Landvetter (GOT);LOT;LO 495;;"WAW"
2025-04-20;20:40;Kopenhaga (CPH);LOT;LO 459;;"WAW"
2025-04-20;20:40;Monachium (MUC);LOT;LO 355;;"WAW"
2025-04-20;21:10;Helsinki (HEL);Finnair;AY 1148;;"WAW"
2025-04-20;21:10;Wiedeń (VIE);Ryanair;FR 6065;;"WAW"
2025-04-20;21:15;Kair (CAI);LOT;LO 147;;"WAW"
2025-04-20;21:25;Dubai (DXB);Fly Dubai;FZ 1840;;"WAW"
2025-04-20;21:30;Tbilisi (TBS);LOT;LO 723;;"WAW"
2025-04-20;21:50;Keflavik (KEF);LOT;LO 499;;"WAW"
2025-04-20;22:35;Poznań (POZ);LOT;LO 3941;;"WAW"
2025-04-20;22:35;Wilno (VNO);LOT;LO 773;;"WAW"
2025-04-20;22:45;Katowice (KTW);LOT;LO 3879;;"WAW"
2025-04-20;22:45;Wrocław (WRO);LOT;LO 3849;;"WAW"
2025-04-20;22:50;Erywań (EVN);LOT;LO 729;;"WAW"
2025-04-20;22:50;Tokio-Narita (NRT);LOT;LO 079;;"WAW"
2025-04-20;22:55;Gdańsk (GDN);LOT;LO 3827;;"WAW"
2025-04-20;22:55;Kraków (KRK);LOT;LO 3911;;"WAW"
2025-04-20;22:55;Sofia (SOF);LOT;LO 635;;"WAW"
2025-04-20;23:00;Bukareszt (OTP);LOT;LO 643;;"WAW"
2025-04-20;23:00;Ryga (RIX);LOT;LO 793;;"WAW"
2025-04-20;23:00;Tallinn (TLL);LOT;LO 791;;"WAW"
2025-04-20;23:00;Taszkent (TAS);LOT;LO 191;;"WAW"
2025-04-20;23:00;Tel Awiw (TLV);LOT;LO 151;;"WAW"
2025-04-20;23:10;Koszyce (KSC);LOT;LO 517;;"WAW"
2025-04-20;23:10;Ostrawa (OSR);LOT;LO 503;;"WAW"
2025-04-21;05:35;Barcelona (BCN);Wizz Air;W6 1475;;"WAW"
2025-04-21;05:35;Kopenhaga (CPH);Wizz Air;W6 1367;;"WAW"
2025-04-21;05:35;Larnaca (LCA);Wizz Air;W6 1551;;"WAW"
2025-04-21;05:40;Rzym (FCO);Wizz Air;W6 1441;;"WAW"
2025-04-21;05:50;Liverpool (LPL);Wizz Air;W6 1311;;"WAW"
2025-04-21;06:00;Amsterdam (AMS);KLM;KL 1310;;"WAW"
2025-04-21;06:00;Londyn-Luton (LTN);Wizz Air;W6 1301;;"WAW"
2025-04-21;06:00;Monachium (MUC);Lufthansa;LH 1617;;"WAW"
2025-04-21;06:00;Walencja (VLC);Wizz Air;W6 1337;;"WAW"
2025-04-21;06:05;Paryż (CDG);Air France;AF 1247;;"WAW"
2025-04-21;06:10;Split (SPU);Wizz Air;W6 1555;;"WAW"
2025-04-21;06:10;Tel Awiw (TLV);Wizz Air;W6 1559;;"WAW"
2025-04-21;06:30;Nykoping-Skavsta (NYO);Wizz Air;W6 1501;;"WAW"
2025-04-21;06:40;Frankfurt (FRA);Lufthansa;LH 1353;;"WAW"
2025-04-21;06:50;Bruksela (BRU);Brussels Airlines;SN 2560;;"WAW"
2025-04-21;06:55;Salalah (SLL);Enter Air;ENT5139;;"WAW"
2025-04-21;07:05;Alicante (ALC);Wizz Air;W6 1487;;"WAW"
2025-04-21;07:05;Nicea (NCE);Wizz Air;W6 1349;;"WAW"
2025-04-21;07:05;Szczecin (SZZ);LOT;LO 3931;;"WAW"
2025-04-21;07:10;Gdańsk (GDN);LOT;LO 3831;;"WAW"
2025-04-21;07:10;Wiedeń (VIE);LOT;LO 223;;"WAW"
2025-04-21;07:10;Wrocław (WRO);LOT;LO 3851;;"WAW"
2025-04-21;07:15;Bruksela (BRU);LOT;LO 235;;"WAW"
2025-04-21;07:15;Nicea (NCE);LOT;LO 341;;"WAW"
2025-04-21;07:15;Rzym (FCO);LOT;LO 301;;"WAW"
2025-04-21;07:20;Amsterdam (AMS);LOT;LO 265;;"WAW"
2025-04-21;07:20;Genewa (GVA);LOT;LO 417;;"WAW"
2025-04-21;07:20;Paryż (CDG);LOT;LO 331;;"WAW"
2025-04-21;07:20;Rzeszów (RZE);LOT;LO 3805;;"WAW"
2025-04-21;07:25;Londyn-Heathrow (LHR);LOT;LO 281;;"WAW"
2025-04-21;07:35;Mediolan (MXP);LOT;LO 317;;"WAW"
2025-04-21;07:35;Monachium (MUC);LOT;LO 351;;"WAW"
2025-04-21;07:35;Zurych (ZRH);LOT;LO 411;;"WAW"
2025-04-21;07:40;Dusseldorf (DUS);LOT;LO 403;;"WAW"